project name, file path, num of dependency classes, num of mocked classes
hbase,/hbase-asyncfs/src/test/java/org/apache/hadoop/hbase/util/TestRecoverLeaseFSUtils.java,13,3,
hbase,/hbase-balancer/src/test/java/org/apache/hadoop/hbase/favored/TestFavoredNodeAssignmentHelper.java,36,1,
hbase,/hbase-balancer/src/test/java/org/apache/hadoop/hbase/master/balancer/TestRegionHDFSBlockLocationFinder.java,37,3,
hbase,/hbase-balancer/src/test/java/org/apache/hadoop/hbase/master/balancer/TestStochasticLoadBalancer.java,34,5,
hbase,/hbase-balancer/src/test/java/org/apache/hadoop/hbase/master/balancer/TestBaseLoadBalancer.java,42,2,
hbase,/hbase-client/src/test/java/org/apache/hadoop/hbase/client/TestAsyncTableTracing.java,75,1,
hbase,/hbase-client/src/test/java/org/apache/hadoop/hbase/client/TestAsyncTableRpcPriority.java,56,1,
hbase,/hbase-client/src/test/java/org/apache/hadoop/hbase/client/TestAsyncAdminRpcPriority.java,44,0,
hbase,/hbase-client/src/test/java/org/apache/hadoop/hbase/client/TestImmutableScan.java,22,1,
hbase,/hbase-client/src/test/java/org/apache/hadoop/hbase/client/TestRetriesExhaustedWithDetailsException.java,12,1,
hbase,/hbase-client/src/test/java/org/apache/hadoop/hbase/client/TestClientExponentialBackoff.java,16,1,
hbase,/hbase-client/src/test/java/org/apache/hadoop/hbase/ipc/TestFailedServersLog.java,20,1,
hbase,/hbase-client/src/test/java/org/apache/hadoop/hbase/security/TestHBaseSaslRpcClient.java,45,9,
hbase,/hbase-common/src/test/java/org/apache/hadoop/hbase/TestChoreService.java,21,0,
hbase,/hbase-common/src/test/java/org/apache/hadoop/hbase/TestCellUtil.java,20,1,
hbase,/hbase-common/src/test/java/org/apache/hadoop/hbase/io/encoding/TestEncodedDataBlock.java,10,1,
hbase,/hbase-common/src/test/java/org/apache/hadoop/hbase/logging/TestJul2Slf4j.java,19,1,
hbase,/hbase-common/src/test/java/org/apache/hadoop/hbase/util/TestEnvironmentEdgeManager.java,13,1,
hbase,/hbase-examples/src/test/java/org/apache/hadoop/hbase/mapreduce/TestMapReduceExamples.java,33,2,
hbase,/hbase-hbtop/src/test/java/org/apache/hadoop/hbase/hbtop/screen/field/TestFieldScreenPresenter.java,25,3,
hbase,/hbase-hbtop/src/test/java/org/apache/hadoop/hbase/hbtop/screen/help/TestHelpScreenPresenter.java,15,2,
hbase,/hbase-hbtop/src/test/java/org/apache/hadoop/hbase/hbtop/screen/mode/TestModeScreenPresenter.java,18,3,
hbase,/hbase-hbtop/src/test/java/org/apache/hadoop/hbase/hbtop/screen/top/TestFilterDisplayModeScreenPresenter.java,20,2,
hbase,/hbase-hbtop/src/test/java/org/apache/hadoop/hbase/hbtop/screen/top/TestInputModeScreenPresenter.java,21,3,
hbase,/hbase-hbtop/src/test/java/org/apache/hadoop/hbase/hbtop/screen/top/TestMessageModeScreenPresenter.java,13,2,
hbase,/hbase-hbtop/src/test/java/org/apache/hadoop/hbase/hbtop/screen/top/TestTopScreenModel.java,25,1,
hbase,/hbase-hbtop/src/test/java/org/apache/hadoop/hbase/hbtop/screen/top/TestTopScreenPresenter.java,23,2,
hbase,/hbase-http/src/test/java/org/apache/hadoop/hbase/http/TestHttpServer.java,63,4,
hbase,/hbase-http/src/test/java/org/apache/hadoop/hbase/http/TestHtmlQuoting.java,12,1,
hbase,/hbase-http/src/test/java/org/apache/hadoop/hbase/http/lib/TestStaticUserWebFilter.java,19,4,
hbase,/hbase-http/src/test/java/org/apache/hadoop/hbase/util/TestJSONBean.java,23,2,
hbase,/hbase-it/src/test/java/org/apache/hadoop/hbase/chaos/actions/TestChangeSplitPolicyAction.java,14,1,
hbase,/hbase-mapreduce/src/test/java/org/apache/hadoop/hbase/mapred/TestTableInputFormat.java,53,2,
hbase,/hbase-mapreduce/src/test/java/org/apache/hadoop/hbase/mapred/TestGroupingTableMap.java,29,3,
hbase,/hbase-mapreduce/src/test/java/org/apache/hadoop/hbase/mapred/TestRowCounter.java,25,4,
hbase,/hbase-mapreduce/src/test/java/org/apache/hadoop/hbase/mapred/TestTableSnapshotInputFormat.java,34,2,
hbase,/hbase-mapreduce/src/test/java/org/apache/hadoop/hbase/mapred/TestIdentityTableMap.java,15,4,
hbase,/hbase-mapreduce/src/test/java/org/apache/hadoop/hbase/mapred/TestDriver.java,10,1,
hbase,/hbase-mapreduce/src/test/java/org/apache/hadoop/hbase/mapreduce/TestMultiTableInputFormatBase.java,45,5,
hbase,/hbase-mapreduce/src/test/java/org/apache/hadoop/hbase/mapreduce/TestTableSnapshotInputFormat.java,50,1,
hbase,/hbase-mapreduce/src/test/java/org/apache/hadoop/hbase/mapreduce/TestImportExport.java,88,2,
hbase,/hbase-mapreduce/src/test/java/org/apache/hadoop/hbase/mapreduce/TestRegionSizeCalculator.java,23,4,
hbase,/hbase-mapreduce/src/test/java/org/apache/hadoop/hbase/mapreduce/TestWALInputFormat.java,14,1,
hbase,/hbase-mapreduce/src/test/java/org/apache/hadoop/hbase/mapreduce/TestGroupingTableMapper.java,16,2,
hbase,/hbase-mapreduce/src/test/java/org/apache/hadoop/hbase/mapreduce/TestRoundRobinTableInputFormat.java,22,1,
hbase,/hbase-mapreduce/src/test/java/org/apache/hadoop/hbase/mapreduce/TestWALPlayer.java,51,3,
hbase,/hbase-mapreduce/src/test/java/org/apache/hadoop/hbase/mapreduce/TestTableInputFormat.java,50,2,
hbase,/hbase-mapreduce/src/test/java/org/apache/hadoop/hbase/mapreduce/TestHFileOutputFormat2.java,114,3,
hbase,/hbase-mapreduce/src/test/java/org/apache/hadoop/hbase/mapreduce/TestTableInputFormatBase.java,40,5,
hbase,/hbase-mapreduce/src/test/java/org/apache/hadoop/hbase/mapreduce/TestMultiTableSnapshotInputFormatImpl.java,26,0,
hbase,/hbase-metrics/src/test/java/org/apache/hadoop/hbase/metrics/impl/TestDropwizardMeter.java,8,1,
hbase,/hbase-metrics-api/src/test/java/org/apache/hadoop/hbase/metrics/TestMetricRegistriesLoader.java,9,1,
hbase,/hbase-procedure/src/test/java/org/apache/hadoop/hbase/procedure2/store/wal/TestWALProcedureStore.java,41,0,
hbase,/hbase-rest/src/test/java/org/apache/hadoop/hbase/rest/TestGZIPResponseWrapper.java,17,2,
hbase,/hbase-rest/src/test/java/org/apache/hadoop/hbase/rest/client/TestRemoteAdminRetries.java,23,1,
hbase,/hbase-rest/src/test/java/org/apache/hadoop/hbase/rest/client/TestRemoteHTableRetries.java,27,1,
hbase,/hbase-rest/src/test/java/org/apache/hadoop/hbase/rest/client/TestXmlParsing.java,19,1,
hbase,/hbase-server/src/test/java/org/apache/hadoop/hbase/TestMetaTableAccessor.java,46,1,
hbase,/hbase-server/src/test/java/org/apache/hadoop/hbase/TestMetaTableLocator.java,27,0,
hbase,/hbase-server/src/test/java/org/apache/hadoop/hbase/TestHBaseTestingUtil.java,35,2,
hbase,/hbase-server/src/test/java/org/apache/hadoop/hbase/TestExecutorStatusChore.java,22,1,
hbase,/hbase-server/src/test/java/org/apache/hadoop/hbase/backup/TestHFileArchiving.java,62,3,
hbase,/hbase-server/src/test/java/org/apache/hadoop/hbase/backup/example/TestZooKeeperTableArchiveClient.java,51,1,
hbase,/hbase-server/src/test/java/org/apache/hadoop/hbase/client/TestIllegalTableDescriptor.java,25,1,
hbase,/hbase-server/src/test/java/org/apache/hadoop/hbase/client/TestFallbackToUseReplay.java,33,2,
hbase,/hbase-server/src/test/java/org/apache/hadoop/hbase/client/TestMalformedCellFromClient.java,38,1,
hbase,/hbase-server/src/test/java/org/apache/hadoop/hbase/client/HConnectionTestingUtility.java,3,3,
hbase,/hbase-server/src/test/java/org/apache/hadoop/hbase/client/locking/TestEntityLocks.java,37,1,
hbase,/hbase-server/src/test/java/org/apache/hadoop/hbase/coprocessor/TestCoprocessorInterface.java,52,1,
hbase,/hbase-server/src/test/java/org/apache/hadoop/hbase/coprocessor/TestCoprocessorConfiguration.java,29,3,
hbase,/hbase-server/src/test/java/org/apache/hadoop/hbase/coprocessor/TestRegionCoprocessorHost.java,42,7,
hbase,/hbase-server/src/test/java/org/apache/hadoop/hbase/coprocessor/TestRegionObserverStacking.java,31,1,
hbase,/hbase-server/src/test/java/org/apache/hadoop/hbase/coprocessor/TestRegionObserverInterface.java,81,1,
hbase,/hbase-server/src/test/java/org/apache/hadoop/hbase/coprocessor/TestRegionObserverPreFlushAndPreCompact.java,27,2,
hbase,/hbase-server/src/test/java/org/apache/hadoop/hbase/errorhandling/TestForeignExceptionDispatcher.java,11,1,
hbase,/hbase-server/src/test/java/org/apache/hadoop/hbase/errorhandling/TestTimeoutExceptionInjector.java,10,1,
hbase,/hbase-server/src/test/java/org/apache/hadoop/hbase/executor/TestExecutorService.java,32,1,
hbase,/hbase-server/src/test/java/org/apache/hadoop/hbase/filter/TestFilterList.java,29,1,
hbase,/hbase-server/src/test/java/org/apache/hadoop/hbase/io/hfile/TestBlockIOUtils.java,31,2,
hbase,/hbase-server/src/test/java/org/apache/hadoop/hbase/io/hfile/TestLruCachedBlock.java,10,1,
hbase,/hbase-server/src/test/java/org/apache/hadoop/hbase/io/hfile/TestHFile.java,71,1,
hbase,/hbase-server/src/test/java/org/apache/hadoop/hbase/io/hfile/TestHFileBlock.java,65,1,
hbase,/hbase-server/src/test/java/org/apache/hadoop/hbase/io/hfile/bucket/TestBucketCache.java,48,1,
hbase,/hbase-server/src/test/java/org/apache/hadoop/hbase/io/hfile/bucket/TestFileIOEngine.java,28,1,
hbase,/hbase-server/src/test/java/org/apache/hadoop/hbase/io/hfile/bucket/TestBucketWriterThread.java,22,2,
hbase,/hbase-server/src/test/java/org/apache/hadoop/hbase/ipc/TestBufferChain.java,18,0,
hbase,/hbase-server/src/test/java/org/apache/hadoop/hbase/ipc/TestCallRunner.java,8,2,
hbase,/hbase-server/src/test/java/org/apache/hadoop/hbase/ipc/TestSimpleRpcScheduler.java,55,4,
hbase,/hbase-server/src/test/java/org/apache/hadoop/hbase/ipc/TestRpcHandlerException.java,25,1,
hbase,/hbase-server/src/test/java/org/apache/hadoop/hbase/ipc/TestMasterFifoRpcScheduler.java,25,2,
hbase,/hbase-server/src/test/java/org/apache/hadoop/hbase/ipc/AbstractTestIPC.java,66,0,
hbase,/hbase-server/src/test/java/org/apache/hadoop/hbase/ipc/TestFifoRpcScheduler.java,24,2,
hbase,/hbase-server/src/test/java/org/apache/hadoop/hbase/ipc/TestRpcServerTraceLogging.java,11,1,
hbase,/hbase-server/src/test/java/org/apache/hadoop/hbase/master/TestActiveMasterManager.java,33,1,
hbase,/hbase-server/src/test/java/org/apache/hadoop/hbase/master/TestMasterCoprocessorServices.java,42,1,
hbase,/hbase-server/src/test/java/org/apache/hadoop/hbase/master/TestMasterQosFunction.java,21,1,
hbase,/hbase-server/src/test/java/org/apache/hadoop/hbase/master/MockNoopMasterServices.java,43,1,
hbase,/hbase-server/src/test/java/org/apache/hadoop/hbase/master/TestMasterDryRunBalancer.java,21,0,
hbase,/hbase-server/src/test/java/org/apache/hadoop/hbase/master/TestRegionsRecoveryChore.java,36,2,
hbase,/hbase-server/src/test/java/org/apache/hadoop/hbase/master/TestSplitLogManager.java,53,1,
hbase,/hbase-server/src/test/java/org/apache/hadoop/hbase/master/TestMasterBalancerNPE.java,27,0,
hbase,/hbase-server/src/test/java/org/apache/hadoop/hbase/master/assignment/TestHbckChore.java,28,0,
hbase,/hbase-server/src/test/java/org/apache/hadoop/hbase/master/assignment/MockMasterServices.java,57,1,
hbase,/hbase-server/src/test/java/org/apache/hadoop/hbase/master/balancer/TestBalancerDecision.java,25,1,
hbase,/hbase-server/src/test/java/org/apache/hadoop/hbase/master/balancer/TestBalancerRejection.java,23,1,
hbase,/hbase-server/src/test/java/org/apache/hadoop/hbase/master/balancer/TestRSGroupBasedLoadBalancerWithStochasticLoadBalancerAsInternal.java,29,3,
hbase,/hbase-server/src/test/java/org/apache/hadoop/hbase/master/balancer/RSGroupableBalancerTestBase.java,37,4,
hbase,/hbase-server/src/test/java/org/apache/hadoop/hbase/master/cleaner/TestReplicationBarrierCleaner.java,48,2,
hbase,/hbase-server/src/test/java/org/apache/hadoop/hbase/master/cleaner/TestReplicationHFileCleaner.java,48,0,
hbase,/hbase-server/src/test/java/org/apache/hadoop/hbase/master/cleaner/TestSnapshotCleanerChore.java,18,1,
hbase,/hbase-server/src/test/java/org/apache/hadoop/hbase/master/cleaner/TestSnapshotFromMaster.java,65,1,
hbase,/hbase-server/src/test/java/org/apache/hadoop/hbase/master/cleaner/TestCleanerChore.java,29,0,
hbase,/hbase-server/src/test/java/org/apache/hadoop/hbase/master/cleaner/TestLogsCleaner.java,50,0,
hbase,/hbase-server/src/test/java/org/apache/hadoop/hbase/master/http/TestMasterStatusServlet.java,36,7,
hbase,/hbase-server/src/test/java/org/apache/hadoop/hbase/master/http/TestMetaBrowserNoCluster.java,19,1,
hbase,/hbase-server/src/test/java/org/apache/hadoop/hbase/master/http/TestMetaBrowser.java,37,1,
hbase,/hbase-server/src/test/java/org/apache/hadoop/hbase/master/janitor/TestCatalogJanitor.java,58,0,
hbase,/hbase-server/src/test/java/org/apache/hadoop/hbase/master/normalizer/TestRegionNormalizerManagerConfigurationObserver.java,21,4,
hbase,/hbase-server/src/test/java/org/apache/hadoop/hbase/master/normalizer/TestSimpleRegionNormalizer.java,52,3,
hbase,/hbase-server/src/test/java/org/apache/hadoop/hbase/master/normalizer/TestRegionNormalizerWorker.java,48,2,
hbase,/hbase-server/src/test/java/org/apache/hadoop/hbase/master/region/MasterRegionTestBase.java,21,1,
hbase,/hbase-server/src/test/java/org/apache/hadoop/hbase/master/region/TestMasterRegionOnTwoFileSystems.java,49,1,
hbase,/hbase-server/src/test/java/org/apache/hadoop/hbase/master/region/TestMasterRegionFlush.java,27,2,
hbase,/hbase-server/src/test/java/org/apache/hadoop/hbase/master/replication/TestSyncReplicationReplayWALManager.java,42,7,
hbase,/hbase-server/src/test/java/org/apache/hadoop/hbase/master/snapshot/TestSnapshotManager.java,26,5,
hbase,/hbase-server/src/test/java/org/apache/hadoop/hbase/master/snapshot/TestSnapshotFileCache.java,36,2,
hbase,/hbase-server/src/test/java/org/apache/hadoop/hbase/procedure/TestProcedure.java,19,2,
hbase,/hbase-server/src/test/java/org/apache/hadoop/hbase/procedure/TestProcedureCoordinator.java,34,3,
hbase,/hbase-server/src/test/java/org/apache/hadoop/hbase/procedure/TestProcedureMember.java,29,3,
hbase,/hbase-server/src/test/java/org/apache/hadoop/hbase/procedure/TestZKProcedure.java,40,1,
hbase,/hbase-server/src/test/java/org/apache/hadoop/hbase/procedure/TestZKProcedureControllers.java,31,4,
hbase,/hbase-server/src/test/java/org/apache/hadoop/hbase/procedure2/store/region/RegionProcedureStoreTestHelper.java,12,1,
hbase,/hbase-server/src/test/java/org/apache/hadoop/hbase/quotas/TestTableQuotaViolationStore.java,33,5,
hbase,/hbase-server/src/test/java/org/apache/hadoop/hbase/quotas/TestMasterQuotasObserverWithMocks.java,20,1,
hbase,/hbase-server/src/test/java/org/apache/hadoop/hbase/quotas/TestSpaceQuotaViolationPolicyRefresherChore.java,33,6,
hbase,/hbase-server/src/test/java/org/apache/hadoop/hbase/quotas/TestRegionServerSpaceQuotaManager.java,23,4,
hbase,/hbase-server/src/test/java/org/apache/hadoop/hbase/quotas/TestTablesWithQuotas.java,26,3,
hbase,/hbase-server/src/test/java/org/apache/hadoop/hbase/quotas/TestActivePolicyEnforcement.java,21,2,
hbase,/hbase-server/src/test/java/org/apache/hadoop/hbase/quotas/TestMasterQuotaManager.java,13,2,
hbase,/hbase-server/src/test/java/org/apache/hadoop/hbase/quotas/TestTableSpaceQuotaViolationNotifier.java,25,2,
hbase,/hbase-server/src/test/java/org/apache/hadoop/hbase/quotas/TestQuotaObserverChore.java,17,2,
hbase,/hbase-server/src/test/java/org/apache/hadoop/hbase/quotas/TestFileSystemUtilizationChore.java,28,5,
hbase,/hbase-server/src/test/java/org/apache/hadoop/hbase/quotas/TestNamespaceQuotaViolationStore.java,31,4,
hbase,/hbase-server/src/test/java/org/apache/hadoop/hbase/quotas/TestRegionSizeReportingChore.java,21,1,
hbase,/hbase-server/src/test/java/org/apache/hadoop/hbase/quotas/policies/TestBulkLoadCheckingViolationPolicyEnforcement.java,19,3,
hbase,/hbase-server/src/test/java/org/apache/hadoop/hbase/regionserver/TestCompactionArchiveIOException.java,41,1,
hbase,/hbase-server/src/test/java/org/apache/hadoop/hbase/regionserver/StatefulStoreMockMaker.java,9,1,
hbase,/hbase-server/src/test/java/org/apache/hadoop/hbase/regionserver/TestBootstrapNodeManager.java,34,2,
hbase,/hbase-server/src/test/java/org/apache/hadoop/hbase/regionserver/TestHMobStore.java,64,1,
hbase,/hbase-server/src/test/java/org/apache/hadoop/hbase/regionserver/TestStripeStoreEngine.java,29,6,
hbase,/hbase-server/src/test/java/org/apache/hadoop/hbase/regionserver/TestFailedAppendAndSync.java,39,1,
hbase,/hbase-server/src/test/java/org/apache/hadoop/hbase/regionserver/TestWalAndCompactingMemStoreFlush.java,28,0,
hbase,/hbase-server/src/test/java/org/apache/hadoop/hbase/regionserver/TestMemStoreFlusher.java,19,1,
hbase,/hbase-server/src/test/java/org/apache/hadoop/hbase/regionserver/TestRSRpcServices.java,16,2,
hbase,/hbase-server/src/test/java/org/apache/hadoop/hbase/regionserver/TestRecoveredEditsReplayAndAbort.java,39,1,
hbase,/hbase-server/src/test/java/org/apache/hadoop/hbase/regionserver/TestHStore.java,109,6,
hbase,/hbase-server/src/test/java/org/apache/hadoop/hbase/regionserver/TestInputStreamBlockDistribution.java,27,3,
hbase,/hbase-server/src/test/java/org/apache/hadoop/hbase/regionserver/TestHRegionReplayEvents.java,87,1,
hbase,/hbase-server/src/test/java/org/apache/hadoop/hbase/regionserver/TestMultiLogThreshold.java,37,2,
hbase,/hbase-server/src/test/java/org/apache/hadoop/hbase/regionserver/TestDefaultStoreEngine.java,14,2,
hbase,/hbase-server/src/test/java/org/apache/hadoop/hbase/regionserver/TestCompactionArchiveConcurrentClose.java,36,1,
hbase,/hbase-server/src/test/java/org/apache/hadoop/hbase/regionserver/TestReplicateToReplica.java,61,3,
hbase,/hbase-server/src/test/java/org/apache/hadoop/hbase/regionserver/TestServerNonceManager.java,23,1,
hbase,/hbase-server/src/test/java/org/apache/hadoop/hbase/regionserver/TestHRegion.java,177,4,
hbase,/hbase-server/src/test/java/org/apache/hadoop/hbase/regionserver/TestStoreFileRefresherChore.java,40,1,
hbase,/hbase-server/src/test/java/org/apache/hadoop/hbase/regionserver/TestWALLockup.java,39,1,
hbase,/hbase-server/src/test/java/org/apache/hadoop/hbase/regionserver/TestCompactionAfterBulkLoad.java,31,1,
hbase,/hbase-server/src/test/java/org/apache/hadoop/hbase/regionserver/TestSplitTransactionOnCluster.java,106,1,
hbase,/hbase-server/src/test/java/org/apache/hadoop/hbase/regionserver/TestRSQosFunction.java,14,1,
hbase,/hbase-server/src/test/java/org/apache/hadoop/hbase/regionserver/TestSplitWalDataLoss.java,39,0,
hbase,/hbase-server/src/test/java/org/apache/hadoop/hbase/regionserver/TestRegionServerRegionSpaceUseReport.java,22,1,
hbase,/hbase-server/src/test/java/org/apache/hadoop/hbase/regionserver/TestFlushRegionEntry.java,19,1,
hbase,/hbase-server/src/test/java/org/apache/hadoop/hbase/regionserver/TestCompactingMemStore.java,48,0,
hbase,/hbase-server/src/test/java/org/apache/hadoop/hbase/regionserver/TestRegionSplitRestriction.java,16,1,
hbase,/hbase-server/src/test/java/org/apache/hadoop/hbase/regionserver/TestCompoundBloomFilter.java,41,1,
hbase,/hbase-server/src/test/java/org/apache/hadoop/hbase/regionserver/TestOpenRegionFailedMemoryLeak.java,30,0,
hbase,/hbase-server/src/test/java/org/apache/hadoop/hbase/regionserver/TestSplitLogWorker.java,40,1,
hbase,/hbase-server/src/test/java/org/apache/hadoop/hbase/regionserver/TestRegionSplitPolicy.java,28,3,
hbase,/hbase-server/src/test/java/org/apache/hadoop/hbase/regionserver/TestBulkloadBase.java,46,1,
hbase,/hbase-server/src/test/java/org/apache/hadoop/hbase/regionserver/TestHStoreFile.java,77,7,
hbase,/hbase-server/src/test/java/org/apache/hadoop/hbase/regionserver/TestCompaction.java,70,4,
hbase,/hbase-server/src/test/java/org/apache/hadoop/hbase/regionserver/TestLogRoller.java,23,1,
hbase,/hbase-server/src/test/java/org/apache/hadoop/hbase/regionserver/TestBulkLoad.java,23,0,
hbase,/hbase-server/src/test/java/org/apache/hadoop/hbase/regionserver/TestRowPrefixBloomFilter.java,40,1,
hbase,/hbase-server/src/test/java/org/apache/hadoop/hbase/regionserver/TestPriorityRpc.java,27,4,
hbase,/hbase-server/src/test/java/org/apache/hadoop/hbase/regionserver/TestStripeStoreFileManager.java,31,1,
hbase,/hbase-server/src/test/java/org/apache/hadoop/hbase/regionserver/compactions/PerfTestCompactionPolicies.java,23,1,
hbase,/hbase-server/src/test/java/org/apache/hadoop/hbase/regionserver/compactions/TestCompactedHFilesDischarger.java,39,1,
hbase,/hbase-server/src/test/java/org/apache/hadoop/hbase/regionserver/compactions/MockStoreFileGenerator.java,11,2,
hbase,/hbase-server/src/test/java/org/apache/hadoop/hbase/regionserver/compactions/TestDateTieredCompactor.java,46,3,
hbase,/hbase-server/src/test/java/org/apache/hadoop/hbase/regionserver/compactions/TestStripeCompactor.java,42,3,
hbase,/hbase-server/src/test/java/org/apache/hadoop/hbase/regionserver/compactions/TestCompactor.java,35,5,
hbase,/hbase-server/src/test/java/org/apache/hadoop/hbase/regionserver/compactions/TestCloseChecker.java,14,1,
hbase,/hbase-server/src/test/java/org/apache/hadoop/hbase/regionserver/compactions/TestStripeCompactionPolicy.java,77,10,
hbase,/hbase-server/src/test/java/org/apache/hadoop/hbase/regionserver/http/TestRSStatusServlet.java,40,7,
hbase,/hbase-server/src/test/java/org/apache/hadoop/hbase/regionserver/regionreplication/TestRegionReplicationSink.java,47,6,
hbase,/hbase-server/src/test/java/org/apache/hadoop/hbase/regionserver/regionreplication/TestRegionReplicationBufferManager.java,28,4,
hbase,/hbase-server/src/test/java/org/apache/hadoop/hbase/regionserver/regionreplication/TestRegionReplicationFlushRequester.java,12,1,
hbase,/hbase-server/src/test/java/org/apache/hadoop/hbase/regionserver/storefiletracker/TestStoreFileListFile.java,28,1,
hbase,/hbase-server/src/test/java/org/apache/hadoop/hbase/regionserver/throttle/TestStoreHotnessProtector.java,27,4,
hbase,/hbase-server/src/test/java/org/apache/hadoop/hbase/regionserver/wal/AbstractTestFSWAL.java,79,1,
hbase,/hbase-server/src/test/java/org/apache/hadoop/hbase/regionserver/wal/TestMetricsWAL.java,19,1,
hbase,/hbase-server/src/test/java/org/apache/hadoop/hbase/regionserver/wal/TestAsyncFSWAL.java,48,1,
hbase,/hbase-server/src/test/java/org/apache/hadoop/hbase/regionserver/wal/AbstractTestWALReplay.java,96,2,
hbase,/hbase-server/src/test/java/org/apache/hadoop/hbase/replication/TestReplicationWALEntryFilters.java,30,1,
hbase,/hbase-server/src/test/java/org/apache/hadoop/hbase/replication/TestReplicationProcedureRetry.java,25,0,
hbase,/hbase-server/src/test/java/org/apache/hadoop/hbase/replication/TestReplicationEndpoint.java,56,2,
hbase,/hbase-server/src/test/java/org/apache/hadoop/hbase/replication/TestHBaseReplicationEndpoint.java,20,2,
hbase,/hbase-server/src/test/java/org/apache/hadoop/hbase/replication/regionserver/TestBasicWALEntryStream.java,53,5,
hbase,/hbase-server/src/test/java/org/apache/hadoop/hbase/replication/regionserver/TestReplicationSourceManager.java,86,3,
hbase,/hbase-server/src/test/java/org/apache/hadoop/hbase/replication/regionserver/TestReplicationSource.java,60,11,
hbase,/hbase-server/src/test/java/org/apache/hadoop/hbase/replication/regionserver/TestDumpReplicationQueues.java,20,2,
hbase,/hbase-server/src/test/java/org/apache/hadoop/hbase/replication/regionserver/TestSerialReplicationChecker.java,47,5,
hbase,/hbase-server/src/test/java/org/apache/hadoop/hbase/replication/regionserver/TestReplicationSourceLogQueue.java,14,1,
hbase,/hbase-server/src/test/java/org/apache/hadoop/hbase/replication/regionserver/TestHBaseInterClusterReplicationEndpointFilterEdits.java,29,2,
hbase,/hbase-server/src/test/java/org/apache/hadoop/hbase/replication/regionserver/WALEntryStreamTestBase.java,31,1,
hbase,/hbase-server/src/test/java/org/apache/hadoop/hbase/security/TestSecureIPC.java,69,1,
hbase,/hbase-server/src/test/java/org/apache/hadoop/hbase/security/token/TestFsDelegationToken.java,23,6,
hbase,/hbase-server/src/test/java/org/apache/hadoop/hbase/security/token/TestTokenAuthentication.java,76,2,
hbase,/hbase-server/src/test/java/org/apache/hadoop/hbase/security/token/TestAuthenticationKey.java,12,1,
hbase,/hbase-server/src/test/java/org/apache/hadoop/hbase/snapshot/TestRegionSnapshotTask.java,36,0,
hbase,/hbase-server/src/test/java/org/apache/hadoop/hbase/snapshot/TestRestoreSnapshotHelper.java,41,2,
hbase,/hbase-server/src/test/java/org/apache/hadoop/hbase/tool/TestCanaryTool.java,42,1,
hbase,/hbase-server/src/test/java/org/apache/hadoop/hbase/tool/TestBulkLoadHFilesSplitRecovery.java,57,0,
hbase,/hbase-server/src/test/java/org/apache/hadoop/hbase/tool/coprocessor/CoprocessorValidatorTest.java,32,3,
hbase,/hbase-server/src/test/java/org/apache/hadoop/hbase/util/compaction/TestMajorCompactionRequest.java,38,6,
hbase,/hbase-server/src/test/java/org/apache/hadoop/hbase/util/compaction/TestMajorCompactionTTLRequest.java,23,2,
hbase,/hbase-server/src/test/java/org/apache/hadoop/hbase/wal/TestRaceBetweenGetWALAndGetWALs.java,18,1,
hbase,/hbase-server/src/test/java/org/apache/hadoop/hbase/wal/TestWALSplit.java,80,3,
hbase,/hbase-server/src/test/java/org/apache/hadoop/hbase/wal/TestWALSplitToHFile.java,65,1,
hbase,/hbase-zookeeper/src/test/java/org/apache/hadoop/hbase/zookeeper/TestZKUtilNoServer.java,21,1,
hbase,/hbase-zookeeper/src/test/java/org/apache/hadoop/hbase/zookeeper/TestReadOnlyZKClient.java,44,1,
helix,/helix-core/src/test/java/org/apache/helix/cloud/MockHttpClient.java,8,4,
helix,/helix-core/src/test/java/org/apache/helix/common/caches/TestPropertyCache.java,17,3,
helix,/helix-core/src/test/java/org/apache/helix/controller/changedetector/trimmer/TestHelixPropoertyTimmer.java,21,1,
helix,/helix-core/src/test/java/org/apache/helix/controller/dataproviders/TestResourceControllerDataProvider.java,12,1,
helix,/helix-core/src/test/java/org/apache/helix/controller/rebalancer/waged/TestWagedRebalancerMetrics.java,44,0,
helix,/helix-core/src/test/java/org/apache/helix/controller/rebalancer/waged/MockAssignmentMetadataStore.java,5,1,
helix,/helix-core/src/test/java/org/apache/helix/controller/rebalancer/waged/TestWagedRebalancer.java,41,3,
helix,/helix-core/src/test/java/org/apache/helix/controller/rebalancer/waged/constraints/TestResourcePartitionAntiAffinityConstraint.java,9,3,
helix,/helix-core/src/test/java/org/apache/helix/controller/rebalancer/waged/constraints/TestNodeCapacityConstraint.java,8,3,
helix,/helix-core/src/test/java/org/apache/helix/controller/rebalancer/waged/constraints/TestConstraintBasedAlgorithm.java,12,2,
helix,/helix-core/src/test/java/org/apache/helix/controller/rebalancer/waged/constraints/TestValidGroupTagConstraint.java,9,3,
helix,/helix-core/src/test/java/org/apache/helix/controller/rebalancer/waged/constraints/MockRebalanceAlgorithm.java,13,1,
helix,/helix-core/src/test/java/org/apache/helix/controller/rebalancer/waged/constraints/TestFaultZoneAwareConstraint.java,10,3,
helix,/helix-core/src/test/java/org/apache/helix/controller/rebalancer/waged/constraints/TestPartitionMovementConstraint.java,13,4,
helix,/helix-core/src/test/java/org/apache/helix/controller/rebalancer/waged/constraints/TestResourceTopStateAntiAffinityConstraint.java,9,3,
helix,/helix-core/src/test/java/org/apache/helix/controller/rebalancer/waged/constraints/TestTopStateMaxCapacityUsageInstanceConstraint.java,9,3,
helix,/helix-core/src/test/java/org/apache/helix/controller/rebalancer/waged/constraints/TestSamePartitionOnInstanceConstraint.java,8,3,
helix,/helix-core/src/test/java/org/apache/helix/controller/rebalancer/waged/constraints/TestNodeMaxPartitionLimitConstraint.java,8,3,
helix,/helix-core/src/test/java/org/apache/helix/controller/rebalancer/waged/constraints/TestMaxCapacityUsageInstanceConstraint.java,9,3,
helix,/helix-core/src/test/java/org/apache/helix/controller/rebalancer/waged/constraints/TestPartitionActivateConstraint.java,10,3,
helix,/helix-core/src/test/java/org/apache/helix/controller/rebalancer/waged/constraints/TestInstancePartitionsCountConstraint.java,7,3,
helix,/helix-core/src/test/java/org/apache/helix/controller/rebalancer/waged/model/AbstractTestClusterModel.java,21,2,
helix,/helix-core/src/test/java/org/apache/helix/controller/rebalancer/waged/model/TestClusterModelProvider.java,23,0,
helix,/helix-core/src/test/java/org/apache/helix/controller/rebalancer/waged/model/TestAssignableNode.java,17,0,
helix,/helix-core/src/test/java/org/apache/helix/controller/rebalancer/waged/model/ClusterModelTestHelper.java,8,0,
helix,/helix-core/src/test/java/org/apache/helix/controller/stages/TestManagementMessageGeneration.java,21,10,
helix,/helix-core/src/test/java/org/apache/helix/controller/stages/TestReplicaLevelThrottling.java,28,1,
helix,/helix-core/src/test/java/org/apache/helix/controller/stages/TestCancellationMessageGeneration.java,22,9,
helix,/helix-core/src/test/java/org/apache/helix/controller/strategy/crushMapping/TestCardDealingAdjustmentAlgorithmV2.java,19,1,
helix,/helix-core/src/test/java/org/apache/helix/integration/rebalancer/TestCustomRebalancer.java,16,1,
helix,/helix-core/src/test/java/org/apache/helix/integration/spectator/TestRoutingTableProvider.java,37,0,
helix,/helix-core/src/test/java/org/apache/helix/manager/zk/TestZkHelixAdmin.java,68,1,
helix,/helix-core/src/test/java/org/apache/helix/manager/zk/TestZkBaseDataAccessor.java,26,1,
helix,/helix-core/src/test/java/org/apache/helix/messaging/p2pMessage/TestP2PWithStateCancellationMessage.java,30,3,
helix,/helix-core/src/test/java/org/apache/helix/monitoring/TestZKPathDataDumpTask.java,16,1,
helix,/helix-core/src/test/java/org/apache/helix/monitoring/mbeans/TestClusterStatusMonitor.java,46,2,
helix,/helix-core/src/test/java/org/apache/helix/task/TestTargetedTaskStateChange.java,21,3,
helix,/helix-core/src/test/java/org/apache/helix/task/TestDropTerminalTasksUponReset.java,13,1,
helix,/helix-core/src/test/java/org/apache/helix/task/TestTaskUtil.java,16,4,
helix,/helix-core/src/test/java/org/apache/helix/task/TestTaskStateModelFactory.java,22,0,
helix,/helix-core/src/test/java/org/apache/helix/task/TestCurrentInstanceToTaskAssignmentsWithPendingMessage.java,15,1,
helix,/helix-core/src/test/java/org/apache/helix/util/TestInstanceValidationUtil.java,28,7,
helix,/helix-rest/src/test/java/org/apache/helix/rest/client/TestCustomRestClient.java,22,3,
helix,/helix-rest/src/test/java/org/apache/helix/rest/clusterMaintenanceService/TestMaintenanceManagementService.java,40,4,
helix,/helix-rest/src/test/java/org/apache/helix/rest/common/TestHelixDataAccessorWrapper.java,30,3,
helix,/helix-rest/src/test/java/org/apache/helix/rest/server/service/TestClusterService.java,15,2,
helix,/helix-rest/src/test/java/org/apache/helix/rest/server/util/TestInstanceValidationUtilInRest.java,15,2,
helix,/zookeeper-api/src/test/java/org/apache/helix/zookeeper/zkclient/TestZkConnection.java,11,1,
hive,/hive-accumulo-handler/src/test/org/apache/hadoop/hive/accumulo/TestHiveAccumuloHelper.java,18,6,
hive,/hive-accumulo-handler/src/test/org/apache/hadoop/hive/accumulo/TestAccumuloConnectionParameters.java,9,1,
hive,/hive-accumulo-handler/src/test/org/apache/hadoop/hive/accumulo/TestAccumuloDefaultIndexScanner.java,27,2,
hive,/hive-accumulo-handler/src/test/org/apache/hadoop/hive/accumulo/TestAccumuloStorageHandler.java,21,6,
hive,/hive-accumulo-handler/src/test/org/apache/hadoop/hive/accumulo/mr/TestHiveAccumuloTableInputFormat.java,69,4,
hive,/hive-accumulo-handler/src/test/org/apache/hadoop/hive/accumulo/mr/TestHiveAccumuloTableOutputFormat.java,52,6,
hive,/hive-accumulo-handler/src/test/org/apache/hadoop/hive/accumulo/predicate/TestAccumuloPredicateHandler.java,64,2,
hive,/hive-accumulo-handler/src/test/org/apache/hadoop/hive/accumulo/serde/TestAccumuloRowSerializer.java,35,3,
hive,/hive-beeline/src/test/org/apache/hive/beeline/TestIncrementalRows.java,12,4,
hive,/hive-beeline/src/test/org/apache/hive/beeline/TestBufferedRows.java,10,4,
hive,/hive-beeline/src/test/org/apache/hive/beeline/TestJSONFileOutputFormat.java,15,2,
hive,/hive-beeline/src/test/org/apache/hive/beeline/TestClientCommandHookFactory.java,8,4,
hive,/hive-beeline/src/test/org/apache/hive/beeline/TestTableOutputFormat.java,11,2,
hive,/hive-beeline/src/test/org/apache/hive/beeline/TestBeeLineOpts.java,3,1,
hive,/hive-beeline/src/test/org/apache/hive/beeline/TestJSONOutputFormat.java,15,2,
hive,/hive-beeline/src/test/org/apache/hive/beeline/schematool/TestHiveSchemaTool.java,20,1,
hive,/hive-cli/src/test/org/apache/hadoop/hive/cli/TestCliDriverMethods.java,41,6,
hive,/hive-common/src/test/org/apache/hadoop/hive/common/TestFileUtils.java,28,3,
hive,/hive-common/src/test/org/apache/hadoop/hive/common/TestBlobStorageUtils.java,14,1,
hive,/hive-druid-handler/src/test/org/apache/hadoop/hive/druid/TestDruidStorageHandler.java,43,2,
hive,/hive-druid-handler/src/test/org/apache/hadoop/hive/druid/serde/TestDruidSerDe.java,62,1,
hive,/hive-exec/src/test/org/apache/hadoop/hive/ql/TestTxnCommands2.java,58,0,
hive,/hive-exec/src/test/org/apache/hadoop/hive/ql/TestTxnCommands3.java,33,0,
hive,/hive-exec/src/test/org/apache/hadoop/hive/ql/TestCompileLock.java,35,0,
hive,/hive-exec/src/test/org/apache/hadoop/hive/ql/exec/TestContext.java,9,0,
hive,/hive-exec/src/test/org/apache/hadoop/hive/ql/exec/TestMsckDropPartitionsInBatches.java,38,0,
hive,/hive-exec/src/test/org/apache/hadoop/hive/ql/exec/TestExplainTask.java,27,13,
hive,/hive-exec/src/test/org/apache/hadoop/hive/ql/exec/TestMsckCreatePartitionsInBatches.java,40,0,
hive,/hive-exec/src/test/org/apache/hadoop/hive/ql/exec/TestUtilities.java,65,12,
hive,/hive-exec/src/test/org/apache/hadoop/hive/ql/exec/TestFileSinkOperator.java,62,1,
hive,/hive-exec/src/test/org/apache/hadoop/hive/ql/exec/TestOperators.java,59,1,
hive,/hive-exec/src/test/org/apache/hadoop/hive/ql/exec/TestGetInputSummary.java,46,3,
hive,/hive-exec/src/test/org/apache/hadoop/hive/ql/exec/mr/TestMapRedTask.java,22,4,
hive,/hive-exec/src/test/org/apache/hadoop/hive/ql/exec/mr/TestMapredLocalTask.java,8,1,
hive,/hive-exec/src/test/org/apache/hadoop/hive/ql/exec/repl/TestAtlasDumpTask.java,46,12,
hive,/hive-exec/src/test/org/apache/hadoop/hive/ql/exec/repl/TestReplDumpTask.java,30,6,
hive,/hive-exec/src/test/org/apache/hadoop/hive/ql/exec/repl/TestRangerLoadTask.java,25,6,
hive,/hive-exec/src/test/org/apache/hadoop/hive/ql/exec/repl/TestRangerDumpTask.java,26,5,
hive,/hive-exec/src/test/org/apache/hadoop/hive/ql/exec/repl/TestAtlasLoadTask.java,14,4,
hive,/hive-exec/src/test/org/apache/hadoop/hive/ql/exec/repl/bootstrap/AddDependencyToLeavesTest.java,18,2,
hive,/hive-exec/src/test/org/apache/hadoop/hive/ql/exec/repl/dump/TestUtils.java,13,3,
hive,/hive-exec/src/test/org/apache/hadoop/hive/ql/exec/repl/ranger/TestRangerRestClient.java,17,3,
hive,/hive-exec/src/test/org/apache/hadoop/hive/ql/exec/repl/util/TestFileList.java,19,2,
hive,/hive-exec/src/test/org/apache/hadoop/hive/ql/exec/spark/TestSparkUtilities.java,28,7,
hive,/hive-exec/src/test/org/apache/hadoop/hive/ql/exec/spark/TestHiveSparkClient.java,20,1,
hive,/hive-exec/src/test/org/apache/hadoop/hive/ql/exec/spark/TestSparkTask.java,31,8,
hive,/hive-exec/src/test/org/apache/hadoop/hive/ql/exec/tez/TestTezProcessor.java,13,1,
hive,/hive-exec/src/test/org/apache/hadoop/hive/ql/exec/tez/TestHostAffinitySplitLocationProvider.java,22,4,
hive,/hive-exec/src/test/org/apache/hadoop/hive/ql/exec/tez/TestTezTask.java,58,15,
hive,/hive-exec/src/test/org/apache/hadoop/hive/ql/exec/tez/TestUtils.java,34,2,
hive,/hive-exec/src/test/org/apache/hadoop/hive/ql/exec/tez/TestCustomPartitionVertex.java,12,1,
hive,/hive-exec/src/test/org/apache/hadoop/hive/ql/exec/tez/TestTezSessionPool.java,13,1,
hive,/hive-exec/src/test/org/apache/hadoop/hive/ql/exec/tez/TestWorkloadManager.java,37,2,
hive,/hive-exec/src/test/org/apache/hadoop/hive/ql/exec/tez/TestDagUtils.java,17,2,
hive,/hive-exec/src/test/org/apache/hadoop/hive/ql/exec/tez/TestDynamicPartitionPruner.java,24,4,
hive,/hive-exec/src/test/org/apache/hadoop/hive/ql/exec/tez/monitoring/TestTezProgressMonitor.java,26,5,
hive,/hive-exec/src/test/org/apache/hadoop/hive/ql/exec/util/TestRetryable.java,18,1,
hive,/hive-exec/src/test/org/apache/hadoop/hive/ql/exec/util/DAGTraversalTest.java,10,1,
hive,/hive-exec/src/test/org/apache/hadoop/hive/ql/exec/vector/TestVectorGroupByOperator.java,73,1,
hive,/hive-exec/src/test/org/apache/hadoop/hive/ql/hooks/TestQueryHooks.java,15,2,
hive,/hive-exec/src/test/org/apache/hadoop/hive/ql/io/TestHiveBinarySearchRecordReader.java,27,1,
hive,/hive-exec/src/test/org/apache/hadoop/hive/ql/io/TestAcidInputFormat.java,25,1,
hive,/hive-exec/src/test/org/apache/hadoop/hive/ql/io/avro/TestAvroGenericRecordReader.java,10,3,
hive,/hive-exec/src/test/org/apache/hadoop/hive/ql/io/orc/TestOrcRawRecordMerger.java,58,2,
hive,/hive-exec/src/test/org/apache/hadoop/hive/ql/io/orc/TestOrcRecordUpdater.java,34,1,
hive,/hive-exec/src/test/org/apache/hadoop/hive/ql/io/orc/TestInputOutputFormat.java,115,1,
hive,/hive-exec/src/test/org/apache/hadoop/hive/ql/io/parquet/TestMapredParquetInputFormat.java,4,1,
hive,/hive-exec/src/test/org/apache/hadoop/hive/ql/io/parquet/TestDataWritableWriter.java,39,1,
hive,/hive-exec/src/test/org/apache/hadoop/hive/ql/io/parquet/TestMapredParquetOutputFormat.java,14,2,
hive,/hive-exec/src/test/org/apache/hadoop/hive/ql/lockmgr/TestDbTxnManager2.java,45,0,
hive,/hive-exec/src/test/org/apache/hadoop/hive/ql/lockmgr/TestDummyTxnManager.java,27,3,
hive,/hive-exec/src/test/org/apache/hadoop/hive/ql/metadata/TestHiveCopyFiles.java,16,0,
hive,/hive-exec/src/test/org/apache/hadoop/hive/ql/optimizer/TestGenMapRedUtilsCreateConditionalTask.java,36,7,
hive,/hive-exec/src/test/org/apache/hadoop/hive/ql/optimizer/TestColumnPrunerProcCtx.java,21,4,
hive,/hive-exec/src/test/org/apache/hadoop/hive/ql/optimizer/calcite/rules/TestHiveReduceExpressionsWithStatsRule.java,37,3,
hive,/hive-exec/src/test/org/apache/hadoop/hive/ql/optimizer/calcite/rules/TestHivePointLookupOptimizerRule.java,27,3,
hive,/hive-exec/src/test/org/apache/hadoop/hive/ql/optimizer/calcite/translator/TestRexNodeConverter.java,30,2,
hive,/hive-exec/src/test/org/apache/hadoop/hive/ql/optimizer/physical/TestNullScanTaskDispatcher.java,46,8,
hive,/hive-exec/src/test/org/apache/hadoop/hive/ql/optimizer/signature/TestOpSigFactory.java,14,1,
hive,/hive-exec/src/test/org/apache/hadoop/hive/ql/optimizer/signature/TestRelSignature.java,37,3,
hive,/hive-exec/src/test/org/apache/hadoop/hive/ql/parse/authorization/TestPrivilegesV2.java,12,1,
hive,/hive-exec/src/test/org/apache/hadoop/hive/ql/parse/authorization/TestPrivilegesV1.java,11,1,
hive,/hive-exec/src/test/org/apache/hadoop/hive/ql/parse/authorization/TestHiveAuthorizationTaskFactory.java,31,1,
hive,/hive-exec/src/test/org/apache/hadoop/hive/ql/parse/authorization/TestSessionUserName.java,21,2,
hive,/hive-exec/src/test/org/apache/hadoop/hive/ql/parse/repl/TestCopyUtils.java,34,5,
hive,/hive-exec/src/test/org/apache/hadoop/hive/ql/parse/repl/dump/TestHiveWrapper.java,9,2,
hive,/hive-exec/src/test/org/apache/hadoop/hive/ql/parse/repl/load/message/TestPrimaryToReplicaResourceFunction.java,32,4,
hive,/hive-exec/src/test/org/apache/hadoop/hive/ql/parse/repl/metric/TestReplicationMetricSink.java,38,2,
hive,/hive-exec/src/test/org/apache/hadoop/hive/ql/parse/repl/metric/TestReplicationMetricUpdateOnFailure.java,32,4,
hive,/hive-exec/src/test/org/apache/hadoop/hive/ql/parse/repl/metric/TestReplicationMetricCollector.java,35,1,
hive,/hive-exec/src/test/org/apache/hadoop/hive/ql/parse/type/TestTypeCheckProcFactory.java,17,2,
hive,/hive-exec/src/test/org/apache/hadoop/hive/ql/plan/TestTezWork.java,10,1,
hive,/hive-exec/src/test/org/apache/hadoop/hive/ql/processors/TestResetProcessor.java,8,1,
hive,/hive-exec/src/test/org/apache/hadoop/hive/ql/secrets/AWSSecretsManagerSecretSourceTest.java,7,1,
hive,/hive-exec/src/test/org/apache/hadoop/hive/ql/security/authorization/plugin/TestHivePrivilegeObjectOwnerNameAndType.java,20,1,
hive,/hive-exec/src/test/org/apache/hadoop/hive/ql/session/TestAddResource.java,18,0,
hive,/hive-exec/src/test/org/apache/hadoop/hive/ql/stats/TestBasicStats.java,14,2,
hive,/hive-exec/src/test/org/apache/hadoop/hive/ql/txn/compactor/TestInitiator.java,39,0,
hive,/hive-exec/src/test/org/apache/hadoop/hive/ql/txn/compactor/TestWorker.java,49,0,
hive,/hive-exec/src/test/org/apache/hadoop/hive/ql/udf/generic/TestGenericUDFSurrogateKey.java,22,3,
hive,/hive-exec/src/test/org/apache/hadoop/hive/ql/udf/generic/TestGenericUDFExtractUnion.java,20,6,
hive,/hive-exec/src/test/org/apache/hadoop/hive/ql/udf/ptf/TestBoundaryCache.java,34,2,
hive,/hive-hbase-handler/src/test/org/apache/hadoop/hive/hbase/TestHiveHBaseTableOutputFormat.java,5,1,
hive,/hive-hbase-handler/src/test/org/apache/hadoop/hive/hbase/TestHBaseStorageHandler.java,7,1,
hive,/hive-hcatalog-core/src/test/java/org/apache/hive/hcatalog/cli/SemanticAnalysis/TestHCatAuthUtil.java,14,1,
hive,/hive-iceberg-catalog/src/test/java/org/apache/iceberg/hive/TestHiveClientPool.java,21,1,
hive,/hive-iceberg-catalog/src/test/java/org/apache/iceberg/hive/TestHiveCommits.java,19,0,
hive,/hive-iceberg-catalog/src/test/java/org/apache/iceberg/hive/TestClientPoolImpl.java,16,1,
hive,/hive-iceberg-catalog/src/test/java/org/apache/iceberg/hive/TestHiveCommitLocks.java,34,0,
hive,/hive-iceberg-handler/src/test/java/org/apache/iceberg/mr/hive/TestHiveIcebergOutputCommitter.java,40,0,
hive,/hive-iceberg-handler/src/test/java/org/apache/iceberg/mr/hive/TestHiveIcebergMigration.java,23,0,
hive,/hive-it-unit/src/test/java/org/apache/hadoop/hive/io/TestHadoopFileStatus.java,20,3,
hive,/hive-it-unit/src/test/java/org/apache/hadoop/hive/ql/security/authorization/plugin/TestHiveAuthorizerCheckInvocation.java,40,3,
hive,/hive-it-unit/src/test/java/org/apache/hadoop/hive/ql/security/authorization/plugin/TestHiveAuthorizerShowFilters.java,20,1,
hive,/hive-it-unit/src/test/java/org/apache/hadoop/hive/ql/txn/compactor/TestCompactor.java,76,0,
hive,/hive-it-unit/src/test/java/org/apache/hadoop/hive/ql/txn/compactor/TestCrudCompactorOnTez.java,62,2,
hive,/hive-it-unit/src/test/java/org/apache/hadoop/hive/serde2/TestSerdeWithFieldComments.java,12,4,
hive,/hive-it-unit/src/test/java/org/apache/hive/jdbc/authorization/TestHS2AuthzSessionContext.java,16,1,
hive,/hive-it-unit/src/test/java/org/apache/hive/jdbc/authorization/TestHS2AuthzContext.java,25,1,
hive,/hive-it-unit/src/test/java/org/apache/hive/jdbc/authorization/TestCLIAuthzSessionContext.java,18,1,
hive,/hive-it-unit/src/test/java/org/apache/hive/service/cli/session/TestHiveSessionImpl.java,14,3,
hive,/hive-it-unit/src/test/java/org/apache/hive/service/cli/thrift/TestThriftHttpCLIServiceFeatures.java,49,1,
hive,/hive-jdbc/src/test/org/apache/hive/jdbc/TestHivePreparedStatement.java,24,1,
hive,/hive-jdbc/src/test/org/apache/hive/jdbc/TestHiveStatement.java,9,1,
hive,/hive-jdbc/src/test/org/apache/hive/jdbc/TestHiveBaseResultSet.java,13,1,
hive,/hive-jdbc-handler/src/test/java/org/apache/hive/storage/jdbc/TestJdbcInputFormat.java,26,1,
hive,/hive-llap-client/src/test/org/apache/hadoop/hive/llap/TestAsyncPbRpcProxy.java,13,2,
hive,/hive-llap-client/src/test/org/apache/hadoop/hive/llap/registry/impl/TestLlapZookeeperRegistryImpl.java,19,0,
hive,/hive-llap-client/src/test/org/apache/hadoop/hive/registry/impl/TestZookeeperUtils.java,12,1,
hive,/hive-llap-common/src/test/org/apache/hadoop/hive/llap/AsyncResponseHandlerTest.java,14,4,
hive,/hive-llap-server/src/test/org/apache/hadoop/hive/llap/cache/TestCacheContentsTracker.java,11,3,
hive,/hive-llap-server/src/test/org/apache/hadoop/hive/llap/cache/TestBasicLlapCacheHydration.java,17,1,
hive,/hive-llap-server/src/test/org/apache/hadoop/hive/llap/cache/TestLowLevelLrfuCachePolicy.java,32,1,
hive,/hive-llap-server/src/test/org/apache/hadoop/hive/llap/cache/TestCacheAllocationsEvictionsCycles.java,15,3,
hive,/hive-llap-server/src/test/org/apache/hadoop/hive/llap/daemon/impl/TestLlapDaemon.java,26,2,
hive,/hive-llap-server/src/test/org/apache/hadoop/hive/llap/daemon/impl/TestLlapDaemonProtocolServerImpl.java,27,1,
hive,/hive-llap-server/src/test/org/apache/hadoop/hive/llap/daemon/impl/TaskExecutorTestHelpers.java,30,6,
hive,/hive-llap-server/src/test/org/apache/hadoop/hive/llap/daemon/impl/TestContainerRunnerImpl.java,33,1,
hive,/hive-llap-server/src/test/org/apache/hadoop/hive/llap/daemon/impl/TestTaskExecutorService.java,32,1,
hive,/hive-llap-server/src/test/org/apache/hadoop/hive/llap/daemon/impl/comparator/TestAMReporter.java,26,5,
hive,/hive-llap-server/src/test/org/apache/hadoop/hive/llap/io/encoded/TestVectorDeserializeOrcWriter.java,20,2,
hive,/hive-llap-tez/src/test/org/apache/hadoop/hive/llap/tezplugins/TestLlapTaskCommunicator.java,46,6,
hive,/hive-llap-tez/src/test/org/apache/hadoop/hive/llap/tezplugins/TestLlapTaskSchedulerService.java,54,6,
hive,/hive-llap-tez/src/test/org/apache/hadoop/hive/llap/tezplugins/metrics/TestBlacklistingLlapMetricsListener.java,29,5,
hive,/hive-llap-tez/src/test/org/apache/hadoop/hive/llap/tezplugins/metrics/TestLlapMetricsCollector.java,29,7,
hive,/hive-service/src/test/org/apache/hive/http/TestJdbcJarDownloadServlet.java,6,1,
hive,/hive-service/src/test/org/apache/hive/service/auth/TestLdapAuthenticationProviderImpl.java,17,2,
hive,/hive-service/src/test/org/apache/hive/service/auth/ldap/TestSearchResultHandler.java,15,0,
hive,/hive-service/src/test/org/apache/hive/service/auth/ldap/TestLdapSearch.java,18,1,
hive,/hive-service/src/test/org/apache/hive/service/auth/ldap/TestCustomQueryFilter.java,12,1,
hive,/hive-service/src/test/org/apache/hive/service/auth/ldap/TestChainFilter.java,11,3,
hive,/hive-service/src/test/org/apache/hive/service/auth/ldap/TestGroupFilter.java,13,1,
hive,/hive-service/src/test/org/apache/hive/service/auth/ldap/TestUserSearchFilter.java,11,1,
hive,/hive-service/src/test/org/apache/hive/service/auth/ldap/LdapTestUtils.java,13,2,
hive,/hive-service/src/test/org/apache/hive/service/cli/operation/TestSQLOperationMetrics.java,14,2,
hive,/hive-service/src/test/org/apache/hive/service/cli/operation/TestQueryLifeTimeHooksWithSQLOperation.java,15,1,
hive,/hive-service/src/test/org/apache/hive/service/cli/session/TestSessionManagerMetrics.java,29,2,
hive,/hive-service/src/test/org/apache/hive/service/cli/thrift/ThriftHttpServletTest.java,12,1,
hive,/hive-shims-0.23/src/main/test/org/apache/hadoop/hive/shims/TestHadoop23Shims.java,17,4,
hive,/hive-shims-common/src/main/test/org/apache/hadoop/fs/TestProxyFileSystem.java,10,2,
hive,/hive-shims-common/src/main/test/org/apache/hadoop/hive/io/TestHdfsUtils.java,17,5,
hive,/hive-spark-client/src/test/java/org/apache/hive/spark/client/TestJobHandle.java,10,3,
hive,/hive-spark-client/src/test/java/org/apache/hive/spark/client/TestSparkClient.java,35,1,
hive,/hive-spark-client/src/test/java/org/apache/hive/spark/client/TestSparkLauncherSparkClient.java,13,2,
hive,/hive-standalone-metastore-server/src/test/java/org/apache/hadoop/hive/metastore/TestMetaStoreLdapAuthenticationProviderImpl.java,27,2,
hive,/hive-standalone-metastore-server/src/test/java/org/apache/hadoop/hive/metastore/TestHiveAlterHandler.java,10,1,
hive,/hive-standalone-metastore-server/src/test/java/org/apache/hadoop/hive/metastore/TestHiveMetaStore.java,93,1,
hive,/hive-standalone-metastore-server/src/test/java/org/apache/hadoop/hive/metastore/TestPartitionProjectionEvaluator.java,17,1,
hive,/hive-standalone-metastore-server/src/test/java/org/apache/hadoop/hive/metastore/TestRetriesInRetryingHMSHandler.java,13,1,
hive,/hive-standalone-metastore-server/src/test/java/org/apache/hadoop/hive/metastore/TestMsckCheckPartitions.java,22,3,
hive,/hive-standalone-metastore-server/src/test/java/org/apache/hadoop/hive/metastore/TestObjectStore.java,102,0,
hive,/hive-standalone-metastore-server/src/test/java/org/apache/hadoop/hive/metastore/TestTableIterable.java,17,1,
hive,/hive-standalone-metastore-server/src/test/java/org/apache/hadoop/hive/metastore/client/TestMetastoreScheduledQueries.java,49,0,
hive,/hive-standalone-metastore-server/src/test/java/org/apache/hadoop/hive/metastore/ldap/TestChainFilter.java,12,3,
hive,/hive-standalone-metastore-server/src/test/java/org/apache/hadoop/hive/metastore/ldap/LdapTestUtils.java,13,2,
hive,/hive-standalone-metastore-server/src/test/java/org/apache/hadoop/hive/metastore/ldap/TestCustomQueryFilter.java,13,1,
hive,/hive-standalone-metastore-server/src/test/java/org/apache/hadoop/hive/metastore/ldap/TestUserSearchFilter.java,12,1,
hive,/hive-standalone-metastore-server/src/test/java/org/apache/hadoop/hive/metastore/ldap/TestGroupFilter.java,14,1,
hive,/hive-standalone-metastore-server/src/test/java/org/apache/hadoop/hive/metastore/ldap/TestSearchResultHandler.java,15,0,
hive,/hive-standalone-metastore-server/src/test/java/org/apache/hadoop/hive/metastore/ldap/TestLdapSearch.java,19,1,
hive,/hive-standalone-metastore-server/src/test/java/org/apache/hadoop/hive/metastore/tools/metatool/TestMetaToolTaskListFSRoot.java,11,1,
hive,/hive-standalone-metastore-server/src/test/java/org/apache/hadoop/hive/metastore/tools/metatool/TestMetaToolTaskUpdateLocation.java,15,1,
hive,/hive-standalone-metastore-server/src/test/java/org/apache/hadoop/hive/metastore/tools/metatool/TestMetaToolTaskExecuteJDOQLQuery.java,16,1,
hive,/hive-standalone-metastore-server/src/test/java/org/apache/hadoop/hive/metastore/tools/schematool/TestSchemaToolTaskDrop.java,16,4,
hive,/hive-standalone-metastore-server/src/test/java/org/apache/hadoop/hive/metastore/utils/TestHdfsUtils.java,25,6,
hive,/hive-standalone-metastore-server/src/test/java/org/apache/hadoop/hive/metastore/utils/TestMetaStoreServerUtils.java,52,1,
hive,/hive-webhcat/src/test/java/org/apache/hive/hcatalog/templeton/ConcurrentJobRequestsTestBase.java,19,1,
hive,/hive-webhcat-java-client/src/test/java/org/apache/hive/hcatalog/api/repl/ReplicationV1CompatRule.java,26,1,
hive,/kafka-handler/src/test/org/apache/hadoop/hive/kafka/KafkaStorageHandlerTest.java,17,1,
hive,/kafka-handler/src/test/org/apache/hadoop/hive/kafka/TransactionalKafkaWriterTest.java,35,1,
hop,/hop-action-columnsexist/src/test/java/org/apache/hop/workflow/actions/columnsexist/WorkflowActionColumnsExistTest.java,16,1,
hop,/hop-action-copyfiles/src/test/java/org/apache/hop/workflow/actions/copyfiles/WorkflowActionCopyFilesTest.java,15,1,
hop,/hop-action-deletefiles/src/test/java/org/apache/hop/workflow/actions/deletefiles/WorkflowEntryDeleteFilesTest.java,15,2,
hop,/hop-action-evaluatetablecontent/src/test/java/org/apache/hop/workflow/actions/evaluatetablecontent/MockDriver.java,10,4,
hop,/hop-action-evaluatetablecontent/src/test/java/org/apache/hop/workflow/actions/evaluatetablecontent/WorkflowActionEvalTableContentTest.java,25,1,
hop,/hop-action-filesexist/src/test/java/org/apache/hop/workflow/actions/filesexist/WorkflowActionFilesExistTest.java,14,1,
hop,/hop-action-folderisempty/src/test/java/org/apache/hop/workflow/actions/folderisempty/WorkflowActionFolderIsEmptyTest.java,13,1,
hop,/hop-action-ftp/src/test/java/org/apache/hop/workflow/actions/sftp/SftpClientTest.java,13,4,
hop,/hop-action-getpop/src/test/java/org/apache/hop/workflow/actions/getpop/MailConnectionTest.java,14,2,
hop,/hop-action-getpop/src/test/java/org/apache/hop/workflow/actions/getpop/WorkflowEntryGetPOPTest.java,24,4,
hop,/hop-action-pipeline/src/test/java/org/apache/hop/workflow/actions/pipeline/WorkflowEntryPipelineDialogTest.java,5,1,
hop,/hop-action-setvariables/src/test/java/org/apache/hop/workflow/actions/setvariables/WorkflowEntrySetVariablesTest.java,20,1,
hop,/hop-action-shell/src/test/java/org/apache/hop/workflow/actions/shell/WorkflowActionShellTest.java,8,1,
hop,/hop-action-unzip/src/test/java/org/apache/hop/workflow/actions/unzip/WorkflowActionUnZipTest.java,11,2,
hop,/hop-action-writetolog/src/test/java/org/apache/hop/workflow/actions/writetolog/WorkflowActionWriteToLogTest.java,13,1,
hop,/hop-action-zipfile/src/test/java/org/apache/hop/workflow/actions/zipfile/ZipWorkflowEntryPatternFileSelectorTest.java,6,3,
hop,/hop-core/src/test/java/org/apache/hop/core/HopAttributeTest.java,3,1,
hop,/hop-core/src/test/java/org/apache/hop/core/SqlStatementTest.java,5,1,
hop,/hop-core/src/test/java/org/apache/hop/core/WriterOutputStreamTest.java,8,1,
hop,/hop-core/src/test/java/org/apache/hop/core/CheckResultTest.java,4,1,
hop,/hop-core/src/test/java/org/apache/hop/core/database/DatabaseConnectingTest.java,16,1,
hop,/hop-core/src/test/java/org/apache/hop/core/database/DatabaseMetaTest.java,28,3,
hop,/hop-core/src/test/java/org/apache/hop/core/database/DatabaseTest.java,19,10,
hop,/hop-core/src/test/java/org/apache/hop/core/database/BaseDatabaseMetaTest.java,15,4,
hop,/hop-core/src/test/java/org/apache/hop/core/extension/ExtensionPointHandlerTest.java,7,3,
hop,/hop-core/src/test/java/org/apache/hop/core/extension/ExtensionPointMapTest.java,9,2,
hop,/hop-core/src/test/java/org/apache/hop/core/extension/ExtensionPointIntegrationTest.java,17,1,
hop,/hop-core/src/test/java/org/apache/hop/core/fileinput/FileInputListTest.java,5,1,
hop,/hop-core/src/test/java/org/apache/hop/core/logging/LogChannelTest.java,13,5,
hop,/hop-core/src/test/java/org/apache/hop/core/logging/Slf4jLoggingEventListenerTest.java,10,5,
hop,/hop-core/src/test/java/org/apache/hop/core/logging/LoggingPluginTypeTest.java,5,1,
hop,/hop-core/src/test/java/org/apache/hop/core/parameters/DuplicateParamExceptionTest.java,6,1,
hop,/hop-core/src/test/java/org/apache/hop/core/parameters/UnknownParamExceptionTest.java,5,1,
hop,/hop-core/src/test/java/org/apache/hop/core/parameters/NamedParamsDefaultTest.java,6,0,
hop,/hop-core/src/test/java/org/apache/hop/core/parameters/NamedParamsExceptionTest.java,5,1,
hop,/hop-core/src/test/java/org/apache/hop/core/plugins/PluginRegistryUnitTest.java,15,2,
hop,/hop-core/src/test/java/org/apache/hop/core/plugins/PluginTest.java,6,1,
hop,/hop-core/src/test/java/org/apache/hop/core/row/ValueMetaAndDataTest.java,22,5,
hop,/hop-core/src/test/java/org/apache/hop/core/row/RowMetaTest.java,13,0,
hop,/hop-core/src/test/java/org/apache/hop/core/row/value/ValueMetaBaseSetPreparedStmntValueTest.java,19,2,
hop,/hop-core/src/test/java/org/apache/hop/core/row/value/ValueMetaTimestampTest.java,14,2,
hop,/hop-core/src/test/java/org/apache/hop/core/row/value/ValueMetaBaseTest.java,36,6,
hop,/hop-core/src/test/java/org/apache/hop/core/svg/SvgImageTest.java,5,1,
hop,/hop-core/src/test/java/org/apache/hop/core/variables/VariablesTest.java,16,2,
hop,/hop-databases-generic/src/test/java/org/apache/hop/databases/generic/GenericDatabaseMetaTest.java,15,1,
hop,/hop-databases-greenplum/src/test/java/org/apache/hop/databases/greenplum/GreenplumValueMetaBaseTest.java,25,4,
hop,/hop-databases-mariadb/src/test/java/org/apache/hop/databases/mariadb/MariaDBDatabaseMetaTest.java,15,2,
hop,/hop-databases-mssql/src/test/java/org/apache/hop/databases/mssql/MsSqlServerDatabaseMetaTest.java,24,5,
hop,/hop-databases-mysql/src/test/java/org/apache/hop/databases/mysql/MySqlDatabaseMetaTest.java,21,7,
hop,/hop-databases-mysql/src/test/java/org/apache/hop/databases/mysql/MySqlValueMetaBaseTest.java,26,6,
hop,/hop-databases-netezza/src/test/java/org/apache/hop/core/row/value/NettezaValueMetaBaseTest.java,21,4,
hop,/hop-databases-oracle/src/test/java/org/apache/hop/databases/oracle/OracleDatabaseMetaTest.java,23,4,
hop,/hop-databases-oracle/src/test/java/org/apache/hop/databases/oracle/OracleValueMetaBaseTest.java,21,2,
hop,/hop-databases-postgresql/src/test/java/org/apache/hop/databases/postgresql/PostgreSqlValueMetaBaseTest.java,30,5,
hop,/hop-databases-sqlite/src/test/java/org/apache/hop/core/row/value/SQLiteValueMetaBaseTest.java,23,3,
hop,/hop-databases-teradata/src/test/java/org/apache/hop/databases/teradata/TeradataValueMetaBaseTest.java,25,3,
hop,/hop-databases-vertica/src/test/java/org/apache/hop/databases/vertica/VerticaDatabaseMetaTest.java,23,3,
hop,/hop-databases-vertica/src/test/java/org/apache/hop/databases/vertica/Vertica5DatabaseMetaTest.java,25,5,
hop,/hop-engine/src/test/java/org/apache/hop/base/AbstractMetaTest.java,25,7,
hop,/hop-engine/src/test/java/org/apache/hop/base/LoadSaveBase.java,21,2,
hop,/hop-engine/src/test/java/org/apache/hop/concurrency/WorkflowTrackerConcurrencyTest.java,20,2,
hop,/hop-engine/src/test/java/org/apache/hop/concurrency/WorkflowMapConcurrencyTest.java,17,2,
hop,/hop-engine/src/test/java/org/apache/hop/concurrency/BaseTransformConcurrencyTest.java,10,6,
hop,/hop-engine/src/test/java/org/apache/hop/core/attributes/AttributesUtilTest.java,13,0,
hop,/hop-engine/src/test/java/org/apache/hop/core/auth/core/AuthenticationManagerTest.java,12,2,
hop,/hop-engine/src/test/java/org/apache/hop/core/compress/CompressionInputStreamTest.java,11,0,
hop,/hop-engine/src/test/java/org/apache/hop/core/gui/WorkflowTrackerTest.java,11,4,
hop,/hop-engine/src/test/java/org/apache/hop/core/logging/LogChannelFileWriterTest.java,14,4,
hop,/hop-engine/src/test/java/org/apache/hop/core/row/ValueDataUtilTest.java,18,1,
hop,/hop-engine/src/test/java/org/apache/hop/core/util/ConfigurableStreamLoggerTest.java,8,1,
hop,/hop-engine/src/test/java/org/apache/hop/history/AuditManagerTest.java,15,1,
hop,/hop-engine/src/test/java/org/apache/hop/pipeline/PDI_11948_PipelineTest.java,3,1,
hop,/hop-engine/src/test/java/org/apache/hop/pipeline/PipelineTest.java,24,6,
hop,/hop-engine/src/test/java/org/apache/hop/pipeline/RowProducerTest.java,10,3,
hop,/hop-engine/src/test/java/org/apache/hop/pipeline/PipelineMetaTest.java,34,8,
hop,/hop-engine/src/test/java/org/apache/hop/pipeline/transform/TransformOptionTest.java,16,2,
hop,/hop-engine/src/test/java/org/apache/hop/pipeline/transform/BaseTransformTest.java,30,3,
hop,/hop-engine/src/test/java/org/apache/hop/pipeline/transform/BaseTransformMetaCloningTest.java,8,2,
hop,/hop-engine/src/test/java/org/apache/hop/pipeline/transform/TransformMetaTest.java,17,1,
hop,/hop-engine/src/test/java/org/apache/hop/pipeline/transforms/mock/TransformMockHelper.java,18,7,
hop,/hop-engine/src/test/java/org/apache/hop/server/HopServerTest.java,35,7,
hop,/hop-engine/src/test/java/org/apache/hop/workflow/WorkflowMetaTest.java,24,6,
hop,/hop-engine/src/test/java/org/apache/hop/workflow/WorkflowTest.java,14,8,
hop,/hop-engine/src/test/java/org/apache/hop/workflow/action/WorkflowActionMetaTest.java,6,1,
hop,/hop-engine/src/test/java/org/apache/hop/www/StartPipelineServletTest.java,22,6,
hop,/hop-engine/src/test/java/org/apache/hop/www/PausePipelineServletTest.java,22,6,
hop,/hop-engine/src/test/java/org/apache/hop/www/RemovePipelineServletTest.java,22,6,
hop,/hop-engine/src/test/java/org/apache/hop/www/StartWorkflowServletTest.java,23,6,
hop,/hop-engine/src/test/java/org/apache/hop/www/StopWorkflowServletTest.java,23,6,
hop,/hop-engine/src/test/java/org/apache/hop/www/GetStatusServletTest.java,18,7,
hop,/hop-engine/src/test/java/org/apache/hop/www/GetPipelineStatusServletTest.java,22,6,
hop,/hop-engine/src/test/java/org/apache/hop/www/WebServerTest.java,17,5,
hop,/hop-engine/src/test/java/org/apache/hop/www/GetWorkflowStatusServletTest.java,24,7,
hop,/hop-engine/src/test/java/org/apache/hop/www/StartExecutionPipelineServletTest.java,22,6,
hop,/hop-engine/src/test/java/org/apache/hop/www/PrepareExecutionPipelineServletTest.java,24,8,
hop,/hop-engine/src/test/java/org/apache/hop/www/SniffTransformServletTest.java,25,7,
hop,/hop-engine/src/test/java/org/apache/hop/www/BaseHopServerPluginTest.java,17,7,
hop,/hop-engine/src/test/java/org/apache/hop/www/HopServerTest.java,16,2,
hop,/hop-engine/src/test/java/org/apache/hop/www/RemoveWorkflowServletTest.java,23,6,
hop,/hop-engine/src/test/java/org/apache/hop/www/GetRootServletTest.java,6,2,
hop,/hop-plugins-misc-git/src/test/java/org/apache/hop/git/model/UIGitTest.java,27,1,
hop,/hop-plugins-tech-aws/src/test/java/org/apache/hop/vfs/s3/vfs/S3FileProviderTest.java,7,1,
hop,/hop-plugins-tech-aws/src/test/java/org/apache/hop/vfs/s3/vfs/S3NFileSystemTest.java,14,2,
hop,/hop-plugins-tech-aws/src/test/java/org/apache/hop/vfs/s3/vfs/S3FileNameParserTest.java,10,2,
hop,/hop-plugins-tech-aws/src/test/java/org/apache/hop/vfs/s3/vfs/S3FileSystemTest.java,15,4,
hop,/hop-plugins-tech-aws/src/test/java/org/apache/hop/vfs/s3/vfs/S3NFileObjectTest.java,18,9,
hop,/hop-plugins-tech-aws/src/test/java/org/apache/hop/vfs/s3/vfs/S3NFileNameParserTest.java,10,2,
hop,/hop-plugins-tech-aws/src/test/java/org/apache/hop/vfs/s3/vfs/S3NFileProviderTest.java,7,1,
hop,/hop-plugins-tech-aws/src/test/java/org/apache/hop/vfs/s3/vfs/S3FileObjectTest.java,24,13,
hop,/hop-plugins-tech-cassandra/src/test/java/org/apache/hop/database/cassandra/datastax/DriverCqlRowHandlerTest.java,22,8,
hop,/hop-plugins-tech-cassandra/src/test/java/org/apache/hop/database/cassandra/datastax/DriverConnectionTest.java,16,2,
hop,/hop-plugins-tech-cassandra/src/test/java/org/apache/hop/database/cassandra/util/CassandraUtilsTest.java,21,4,
hop,/hop-plugins-tech-cassandra/src/test/java/org/apache/hop/pipeline/transforms/cassandraoutput/CassandraOutputTest.java,7,4,
hop,/hop-plugins-tech-cassandra/src/test/java/org/apache/hop/pipeline/transforms/cassandrasstableoutput/SSTableOutputTest.java,10,0,
hop,/hop-plugins-tech-cassandra/src/test/java/org/apache/hop/pipeline/transforms/cassandrasstableoutput/writer/SSTableWriterBuilderTest.java,5,1,
hop,/hop-plugins-tech-cassandra/src/test/java/org/apache/hop/pipeline/transforms/cassandrasstableoutput/writer/Cql3SsTableWriterTest.java,18,2,
hop,/hop-plugins-tech-cassandra/src/test/java/org/apache/hop/pipeline/transforms/mock/TransformMockHelper.java,17,8,
hop,/hop-transform-abort/src/test/java/org/apache/hop/pipeline/transforms/abort/AbortMetaTest.java,12,1,
hop,/hop-transform-abort/src/test/java/org/apache/hop/pipeline/transforms/abort/AbortTest.java,9,0,
hop,/hop-transform-calculator/src/test/java/org/apache/hop/pipeline/transforms/calculator/CalculatorValueDataUtilTest.java,23,1,
hop,/hop-transform-calculator/src/test/java/org/apache/hop/pipeline/transforms/calculator/CalculatorUnitTest.java,28,0,
hop,/hop-transform-clonerow/src/test/java/org/apache/hop/pipeline/transforms/clonerow/CloneRowTest.java,13,1,
hop,/hop-transform-combinationlookup/src/test/java/org/apache/hop/pipeline/transforms/combinationlookup/CombinationLookupTest.java,14,8,
hop,/hop-transform-combinationlookup/src/test/java/org/apache/hop/pipeline/transforms/combinationlookup/CombinationLookupMetaTest.java,23,2,
hop,/hop-transform-constant/src/test/java/org/apache/hop/pipeline/transforms/constant/ConstantTest.java,13,1,
hop,/hop-transform-databasejoin/src/test/java/org/apache/hop/pipeline/transforms/databasejoin/DatabaseJoinTest.java,18,8,
hop,/hop-transform-databaselookup/src/test/java/org/apache/hop/pipeline/transforms/databaselookup/DatabaseLookupUTest.java,37,8,
hop,/hop-transform-databaselookup/src/test/java/org/apache/hop/pipeline/transforms/databaselookup/DatabaseLookupMetaTest.java,28,1,
hop,/hop-transform-denormaliser/src/test/java/org/apache/hop/pipeline/transforms/denormaliser/DenormaliserTest.java,17,0,
hop,/hop-transform-denormaliser/src/test/java/org/apache/hop/pipeline/transforms/denormaliser/DenormaliserAggregationsTest.java,17,0,
hop,/hop-transform-dimensionlookup/src/test/java/org/apache/hop/pipeline/transforms/dimensionlookup/DimensionLookupTest.java,14,11,
hop,/hop-transform-dimensionlookup/src/test/java/org/apache/hop/pipeline/transforms/dimensionlookup/DimensionLookupMetaTest.java,26,5,
hop,/hop-transform-excelinput/src/test/java/org/apache/hop/pipeline/transforms/excelinput/staxpoi/StaxPoiSheetTest.java,17,3,
hop,/hop-transform-excelwriter/src/test/java/org/apache/hop/pipeline/transforms/excelwriter/TransformMockUtil.java,12,0,
hop,/hop-transform-excelwriter/src/test/java/org/apache/hop/pipeline/transforms/excelwriter/ExcelWriterTransformTest.java,29,13,
hop,/hop-transform-excelwriter/src/test/java/org/apache/hop/pipeline/transforms/excelwriter/ExcelWriterTransform_StyleFormatTest.java,26,1,
hop,/hop-transform-excelwriter/src/test/java/org/apache/hop/pipeline/transforms/excelwriter/ExcelWriterTransform_FormulaRecalculationTest.java,9,2,
hop,/hop-transform-fieldsplitter/src/test/java/org/apache/hop/pipeline/transforms/fieldsplitter/TransformMockUtil.java,12,0,
hop,/hop-transform-fieldsplitter/src/test/java/org/apache/hop/pipeline/transforms/fieldsplitter/FieldSplitterTest.java,22,0,
hop,/hop-transform-fieldsplitter/src/test/java/org/apache/hop/pipeline/transforms/fieldsplitter/FieldSplitter_EmptyStringVsNull_Test.java,15,0,
hop,/hop-transform-fuzzymatch/src/test/java/org/apache/hop/pipeline/transforms/fuzzymatch/FuzzyMatchTest.java,24,4,
hop,/hop-transform-gettablenames/src/test/java/org/apache/hop/pipeline/transforms/gettablenames/GetTableNamesTest.java,11,3,
hop,/hop-transform-http/src/test/java/org/apache/hop/pipeline/transforms/http/HttpTest.java,21,9,
hop,/hop-transform-httppost/src/test/java/org/apache/hop/pipeline/transforms/httppost/HttpPostTest.java,9,1,
hop,/hop-transform-ifnull/src/test/java/org/apache/hop/pipeline/transforms/ifnull/IfNullTest.java,24,0,
hop,/hop-transform-insertupdate/src/test/java/org/apache/hop/pipeline/transforms/insertupdate/InsertUpdateTestLazyConversion.java,17,5,
hop,/hop-transform-insertupdate/src/test/java/org/apache/hop/pipeline/transforms/insertupdate/InsertUpdateMetaTest.java,26,3,
hop,/hop-transform-janino/src/test/java/org/apache/hop/pipeline/transforms/userdefinedjavaclass/FieldHelperTest.java,16,3,
hop,/hop-transform-janino/src/test/java/org/apache/hop/pipeline/transforms/userdefinedjavaclass/UserDefinedJavaClassMetaTest.java,7,2,
hop,/hop-transform-javascript/src/test/java/org/apache/hop/pipeline/transforms/javascript/ScriptValuesTest.java,14,0,
hop,/hop-transform-javascript/src/test/java/org/apache/hop/pipeline/transforms/javascript/ScriptValueAddFunctions_SetVariableScopeTest.java,11,0,
hop,/hop-transform-javascript/src/test/java/org/apache/hop/pipeline/transforms/javascript/TransformMockUtil.java,12,0,
hop,/hop-transform-javascript/src/test/java/org/apache/hop/pipeline/transforms/javascript/ScriptValuesMetaTest.java,14,0,
hop,/hop-transform-joinrows/src/test/java/org/apache/hop/pipeline/transforms/joinrows/JoinRowsMetaTest.java,19,1,
hop,/hop-transform-joinrows/src/test/java/org/apache/hop/pipeline/transforms/joinrows/JoinRowsTest.java,24,3,
hop,/hop-transform-ldap/src/test/java/org/apache/hop/pipeline/transforms/ldapinput/LdapConnectionTest.java,14,2,
hop,/hop-transform-ldap/src/test/java/org/apache/hop/pipeline/transforms/ldapinput/LdapMockProtocol.java,6,1,
hop,/hop-transform-ldap/src/test/java/org/apache/hop/pipeline/transforms/ldapinput/LdapInputTest.java,9,1,
hop,/hop-transform-ldap/src/test/java/org/apache/hop/pipeline/transforms/ldapinput/LdapProtocolFactoryTest.java,6,3,
hop,/hop-transform-loadfileinput/src/test/java/org/apache/hop/pipeline/transforms/loadfileinput/LoadFileInputTest.java,33,2,
hop,/hop-transform-loadfileinput/src/test/java/org/apache/hop/pipeline/transforms/loadfileinput/PDI_6976_Test.java,14,7,
hop,/hop-transform-mailinput/src/test/java/org/apache/hop/pipeline/transforms/mailinput/ParseMailInputTest.java,25,5,
hop,/hop-transform-mailinput/src/test/java/org/apache/hop/pipeline/transforms/mailinput/BatchFolderIteratorName.java,10,1,
hop,/hop-transform-mailinput/src/test/java/org/apache/hop/pipeline/transforms/mailinput/MailInputTest.java,7,1,
hop,/hop-transform-mapping/src/test/java/org/apache/hop/pipeline/transforms/mapping/SimpleMappingTest.java,19,8,
hop,/hop-transform-memgroupby/src/test/java/org/apache/hop/pipeline/transforms/memgroupby/MemoryGroupByAggregationNullsTest.java,19,1,
hop,/hop-transform-memgroupby/src/test/java/org/apache/hop/pipeline/transforms/memgroupby/MemoryGroupByAggregationTest.java,30,2,
hop,/hop-transform-memgroupby/src/test/java/org/apache/hop/pipeline/transforms/memgroupby/MemoryGroupByNewAggregateTest.java,15,1,
hop,/hop-transform-memgroupby/src/test/java/org/apache/hop/pipeline/transforms/memgroupby/MemoryGroupByDataTest.java,12,2,
hop,/hop-transform-memgroupby/src/test/java/org/apache/hop/pipeline/transforms/memgroupby/MemoryGroupByMetaGetFieldsTest.java,21,1,
hop,/hop-transform-mergerows/src/test/java/org/apache/hop/pipeline/transforms/mergerows/MergeRowsMetaCheckTest.java,19,2,
hop,/hop-transform-metainject/src/test/java/org/apache/hop/pipeline/transforms/metainject/TransformMockUtil.java,9,0,
hop,/hop-transform-metainject/src/test/java/org/apache/hop/pipeline/transforms/metainject/MetaInjectMetaTest.java,20,5,
hop,/hop-transform-metainject/src/test/java/org/apache/hop/pipeline/transforms/metainject/MetaInjectTest.java,21,4,
hop,/hop-transform-mongodb/src/test/java/org/apache/hop/mongo/MongoPropertiesTest.java,6,1,
hop,/hop-transform-mongodb/src/test/java/org/apache/hop/mongo/MongoPropToOptionTest.java,11,1,
hop,/hop-transform-mongodb/src/test/java/org/apache/hop/mongo/AuthContextTest.java,8,3,
hop,/hop-transform-mongodb/src/test/java/org/apache/hop/mongo/wrapper/MongoClientWrapperFactoryTest.java,9,2,
hop,/hop-transform-mongodb/src/test/java/org/apache/hop/mongo/wrapper/HopMongoUtilLoggerTest.java,7,2,
hop,/hop-transform-mongodb/src/test/java/org/apache/hop/mongo/wrapper/KerberosMongoClientWrapperTest.java,13,4,
hop,/hop-transform-mongodb/src/test/java/org/apache/hop/mongo/wrapper/KerberosInvocationHandlerTest.java,9,2,
hop,/hop-transform-mongodb/src/test/java/org/apache/hop/mongo/wrapper/MongoFieldTest.java,20,1,
hop,/hop-transform-mongodb/src/test/java/org/apache/hop/mongo/wrapper/UsernamePasswordMongoClientWrapperTest.java,10,1,
hop,/hop-transform-mongodb/src/test/java/org/apache/hop/mongo/wrapper/NoAuthMongoClientWrapperTest.java,20,12,
hop,/hop-transform-mongodb/src/test/java/org/apache/hop/mongo/wrapper/collection/DefaultMongoCollectionWrapperTest.java,14,4,
hop,/hop-transform-mongodb/src/test/java/org/apache/hop/mongo/wrapper/field/MongodbInputDiscoverFieldsImplTest.java,30,11,
hop,/hop-transform-mongodb/src/test/java/org/apache/hop/pipeline/transforms/mongodbinput/MongoDbInputDataTest.java,20,4,
hop,/hop-transform-mongodb/src/test/java/org/apache/hop/pipeline/transforms/mongodbinput/BaseMongoDbTransformTest.java,25,11,
hop,/hop-transform-mongodb/src/test/java/org/apache/hop/pipeline/transforms/mongodboutput/MongoDbOutputMetaInjectionTest.java,10,2,
hop,/hop-transform-mongodb/src/test/java/org/apache/hop/pipeline/transforms/mongodboutput/MongoDbOutputDataTest.java,31,6,
hop,/hop-transform-nullif/src/test/java/org/apache/hop/pipeline/transforms/nullif/NullIfTest.java,28,0,
hop,/hop-transform-pgbulkloader/src/test/java/org/apache/hop/pipeline/transforms/pgbulkloader/PGBulkLoaderTest.java,17,3,
hop,/hop-transform-propertyinput/src/test/java/org/apache/hop/pipeline/transforms/propertyinput/PropertyInputMetaTest.java,24,6,
hop,/hop-transform-regexeval/src/test/java/org/apache/hop/pipeline/transforms/regexeval/RegexEvalUnitTest.java,13,1,
hop,/hop-transform-regexeval/src/test/java/org/apache/hop/pipeline/transforms/regexeval/TransformMockUtil.java,12,0,
hop,/hop-transform-regexeval/src/test/java/org/apache/hop/pipeline/transforms/regexeval/RegexEvalMetaTest.java,23,3,
hop,/hop-transform-regexeval/src/test/java/org/apache/hop/pipeline/transforms/regexeval/RegexEval_EmptyStringVsNull_Test.java,16,0,
hop,/hop-transform-replacestring/src/test/java/org/apache/hop/pipeline/transforms/replacestring/ReplaceStringMetaTest.java,20,5,
hop,/hop-transform-replacestring/src/test/java/org/apache/hop/pipeline/transforms/replacestring/ReplaceStringTest.java,16,0,
hop,/hop-transform-rest/src/test/java/org/apache/hop/pipeline/transforms/rest/RestTest.java,21,8,
hop,/hop-transform-rowgenerator/src/test/java/org/apache/hop/pipeline/transforms/rowgenerator/RowGeneratorUnitTest.java,18,0,
hop,/hop-transform-salesforce/src/test/java/org/apache/hop/pipeline/transforms/salesforce/SalesforceTransformTest.java,21,2,
hop,/hop-transform-salesforce/src/test/java/org/apache/hop/pipeline/transforms/salesforce/SalesforceConnectionTest.java,28,2,
hop,/hop-transform-salesforce/src/test/java/org/apache/hop/pipeline/transforms/salesforce/SalesforceRecordValueTest.java,5,1,
hop,/hop-transform-salesforce/src/test/java/org/apache/hop/pipeline/transforms/salesforce/SalesforceMetaTest.java,19,1,
hop,/hop-transform-salesforce/src/test/java/org/apache/hop/pipeline/transforms/salesforceinput/SalesforceInputTest.java,11,2,
hop,/hop-transform-salesforce/src/test/java/org/apache/hop/pipeline/transforms/salesforceinsert/SalesForceDateFieldTest.java,25,0,
hop,/hop-transform-salesforce/src/test/java/org/apache/hop/pipeline/transforms/salesforceinsert/SalesforceInsertTest.java,23,0,
hop,/hop-transform-salesforce/src/test/java/org/apache/hop/pipeline/transforms/salesforceupdate/SalesforceUpdateTest.java,22,0,
hop,/hop-transform-salesforce/src/test/java/org/apache/hop/pipeline/transforms/salesforceupsert/SalesforceUpsertTest.java,24,0,
hop,/hop-transform-salesforce/src/test/java/org/apache/hop/pipeline/transforms/salesforceutils/SalesforceUtilsTest.java,8,1,
hop,/hop-transform-selectvalues/src/test/java/org/apache/hop/pipeline/transforms/selectvalues/SelectValuesTest.java,27,0,
hop,/hop-transform-selectvalues/src/test/java/org/apache/hop/pipeline/transforms/selectvalues/SelectValues_LocaleHandling_Test.java,15,0,
hop,/hop-transform-selectvalues/src/test/java/org/apache/hop/pipeline/transforms/selectvalues/TransformMockUtil.java,12,0,
hop,/hop-transform-setvalueconstant/src/test/java/org/apache/hop/pipeline/transforms/setvalueconstant/SetValueConstantTest.java,14,0,
hop,/hop-transform-sort/src/test/java/org/apache/hop/pipeline/transforms/sort/SortRowsMetaTest.java,11,0,
hop,/hop-transform-splitfieldtorows/src/test/java/org/apache/hop/pipeline/transforms/splitfieldtorows/SplitFieldToRowsTest.java,8,0,
hop,/hop-transform-streamlookup/src/test/java/org/apache/hop/pipeline/transforms/streamlookup/StreamLookupTest.java,25,1,
hop,/hop-transform-streamlookup/src/test/java/org/apache/hop/pipeline/transforms/streamlookup/StreamLookupMetaTest.java,18,1,
hop,/hop-transform-stringoperations/src/test/java/org/apache/hop/pipeline/transforms/stringoperations/StringOperationsMetaTest.java,19,1,
hop,/hop-transform-stringoperations/src/test/java/org/apache/hop/pipeline/transforms/stringoperations/StringOperationsTest.java,16,2,
hop,/hop-transform-switchcase/src/test/java/org/apache/hop/pipeline/transforms/switchcase/SwitchCaseTest.java,28,2,
hop,/hop-transform-synchronizeaftermerge/src/test/java/org/apache/hop/pipeline/transforms/synchronizeaftermerge/SynchronizeAfterMergeTest.java,9,7,
hop,/hop-transform-systemdata/src/test/java/org/apache/hop/pipeline/transforms/systemdata/SystemDataTest.java,17,1,
hop,/hop-transform-tableoutput/src/test/java/org/apache/hop/pipeline/transforms/tableoutput/TableOutputMetaTest.java,21,5,
hop,/hop-transform-tableoutput/src/test/java/org/apache/hop/pipeline/transforms/tableoutput/TableOutputTest.java,18,11,
hop,/hop-transform-textfile/src/test/java/org/apache/hop/pipeline/transforms/csvinput/CsvInputDoubleLineEndTest.java,15,0,
hop,/hop-transform-textfile/src/test/java/org/apache/hop/pipeline/transforms/csvinput/TransformMockUtil.java,12,0,
hop,/hop-transform-textfile/src/test/java/org/apache/hop/pipeline/transforms/csvinput/CsvInputTest.java,12,2,
hop,/hop-transform-textfile/src/test/java/org/apache/hop/pipeline/transforms/csvinput/CsvInputUnicodeTest.java,12,0,
hop,/hop-transform-textfile/src/test/java/org/apache/hop/pipeline/transforms/fileinput/text/TextFileInputMetaTest.java,13,4,
hop,/hop-transform-textfile/src/test/java/org/apache/hop/pipeline/transforms/fileinput/text/PDI_2875_Test.java,11,0,
hop,/hop-transform-textfile/src/test/java/org/apache/hop/pipeline/transforms/fileinput/text/TextFileInputTest.java,37,8,
hop,/hop-transform-textfile/src/test/java/org/apache/hop/pipeline/transforms/fileinput/text/TextFileInputUtilsTest.java,6,3,
hop,/hop-transform-textfile/src/test/java/org/apache/hop/pipeline/transforms/fileinput/text/TransformMockUtil.java,12,0,
hop,/hop-transform-textfile/src/test/java/org/apache/hop/pipeline/transforms/fileinput/text/PDI_11948_TransformsTestsParent.java,4,1,
hop,/hop-transform-textfile/src/test/java/org/apache/hop/pipeline/transforms/textfileinput/TransformMockUtil.java,16,3,
hop,/hop-transform-textfile/src/test/java/org/apache/hop/pipeline/transforms/textfileinput/PDI_2875_Test.java,13,0,
hop,/hop-transform-textfile/src/test/java/org/apache/hop/pipeline/transforms/textfileinput/TextFileInputTest.java,27,6,
hop,/hop-transform-textfile/src/test/java/org/apache/hop/pipeline/transforms/textfileoutput/TextFileOutputTest.java,36,6,
hop,/hop-transform-update/src/test/java/org/apache/hop/pipeline/transforms/update/PDI_11152_Test.java,17,2,
hop,/hop-transform-update/src/test/java/org/apache/hop/pipeline/transforms/update/UpdateMetaTest.java,27,0,
hop,/hop-transform-webservices/src/test/java/org/apache/hop/pipeline/transforms/webservices/WebServiceTest.java,12,1,
hop,/hop-transform-webservices/src/test/java/org/apache/hop/pipeline/transforms/webservices/WebServiceMetaTest.java,25,5,
hop,/hop-transform-xml/src/test/java/org/apache/hop/pipeline/transforms/xml/addxml/AddXmlTest.java,14,2,
hop,/hop-transform-xml/src/test/java/org/apache/hop/pipeline/transforms/xml/xmlinputstream/XmlInputStreamTest.java,24,0,
hop,/hop-transform-xml/src/test/java/org/apache/hop/pipeline/transforms/xml/xmljoin/XmlJoinOmitNullValuesTest.java,18,4,
hop,/hop-transform-xml/src/test/java/org/apache/hop/pipeline/transforms/xml/xmljoin/XmlJoinMetaGetFieldsTest.java,11,1,
hop,/hop-transform-xml/src/test/java/org/apache/hop/pipeline/transforms/xml/xmloutput/XmlOutputMetaTest.java,26,8,
hop,/hop-transform-xml/src/test/java/org/apache/hop/pipeline/transforms/xml/xmloutput/XmlOutputTest.java,20,3,
hop,/hop-transform-zipfile/src/test/java/org/apache/hop/pipeline/transforms/zipfile/ZipFileMetaTest.java,19,6,
hop,/hop-transforms-json/src/test/java/org/apache/hop/pipeline/transforms/jsoninput/JsonInputMetaTest.java,21,6,
hop,/hop-transforms-json/src/test/java/org/apache/hop/pipeline/transforms/jsoninput/JsonInputTest.java,43,0,
hop,/hop-transforms-json/src/test/java/org/apache/hop/pipeline/transforms/jsoninput/reader/FastJsonReaderTest.java,12,1,
hop,/hop-transforms-json/src/test/java/org/apache/hop/pipeline/transforms/jsonoutput/JsonOutputTest.java,36,1,
hop,/hop-transforms-kafka/src/test/java/org/apache/hop/pipeline/transforms/kafka/consumer/KafkaConsumerFieldTest.java,8,1,
hop,/hop-ui/src/test/java/org/apache/hop/ui/core/dialog/EditRowsDialog_EmptyStringVsNull_Test.java,16,2,
hop,/hop-ui/src/test/java/org/apache/hop/ui/core/dialog/PreviewRowsDialogTest.java,14,5,
hop,/hop-ui/src/test/java/org/apache/hop/ui/pipeline/transform/common/CsvInputAwareImportProgressDialogTest.java,6,1,
hop,/hop-ui/src/test/java/org/apache/hop/ui/util/EnvironmentUtilsTest.java,13,2,
httpcomponents-client,/httpclient5/src/test/java/org/apache/hc/client5/http/entity/TestGZip.java,15,2,
httpcomponents-client,/httpclient5/src/test/java/org/apache/hc/client5/http/entity/TestEntityBuilder.java,8,1,
httpcomponents-client,/httpclient5/src/test/java/org/apache/hc/client5/http/impl/TestIdleConnectionEvictor.java,7,1,
httpcomponents-client,/httpclient5/src/test/java/org/apache/hc/client5/http/impl/auth/TestHttpAuthenticator.java,32,3,
httpcomponents-client,/httpclient5/src/test/java/org/apache/hc/client5/http/impl/auth/TestSystemDefaultCredentialsProvider.java,14,1,
httpcomponents-client,/httpclient5/src/test/java/org/apache/hc/client5/http/impl/classic/TestAbstractHttpClientResponseHandler.java,10,3,
httpcomponents-client,/httpclient5/src/test/java/org/apache/hc/client5/http/impl/classic/TestInternalHttpClient.java,26,11,
httpcomponents-client,/httpclient5/src/test/java/org/apache/hc/client5/http/impl/classic/TestProtocolExec.java,36,5,
httpcomponents-client,/httpclient5/src/test/java/org/apache/hc/client5/http/impl/classic/TestContentCompressionExec.java,23,3,
httpcomponents-client,/httpclient5/src/test/java/org/apache/hc/client5/http/impl/classic/TestResponseEntityWrapper.java,11,4,
httpcomponents-client,/httpclient5/src/test/java/org/apache/hc/client5/http/impl/classic/TestResponseEntityProxy.java,18,3,
httpcomponents-client,/httpclient5/src/test/java/org/apache/hc/client5/http/impl/classic/TestCloseableHttpClient.java,14,5,
httpcomponents-client,/httpclient5/src/test/java/org/apache/hc/client5/http/impl/classic/TestBasicResponseHandler.java,8,3,
httpcomponents-client,/httpclient5/src/test/java/org/apache/hc/client5/http/impl/classic/TestMainClientExec.java,27,5,
httpcomponents-client,/httpclient5/src/test/java/org/apache/hc/client5/http/impl/classic/TestHttpRequestRetryExec.java,25,4,
httpcomponents-client,/httpclient5/src/test/java/org/apache/hc/client5/http/impl/classic/TestInternalExecRuntime.java,23,6,
httpcomponents-client,/httpclient5/src/test/java/org/apache/hc/client5/http/impl/classic/TestConnectExec.java,37,5,
httpcomponents-client,/httpclient5/src/test/java/org/apache/hc/client5/http/impl/classic/TestRedirectExec.java,40,3,
httpcomponents-client,/httpclient5/src/test/java/org/apache/hc/client5/http/impl/cookie/TestRFC6265CookieSpec.java,13,1,
httpcomponents-client,/httpclient5/src/test/java/org/apache/hc/client5/http/impl/io/TestHttpClientConnectionOperator.java,26,7,
httpcomponents-client,/httpclient5/src/test/java/org/apache/hc/client5/http/impl/io/TestBasicHttpClientConnectionManager.java,28,9,
httpcomponents-client,/httpclient5/src/test/java/org/apache/hc/client5/http/impl/io/TestPoolingHttpClientConnectionManager.java,30,9,
httpcomponents-client,/httpclient5/src/test/java/org/apache/hc/client5/http/impl/routing/TestDefaultProxyRoutePlanner.java,11,1,
httpcomponents-client,/httpclient5/src/test/java/org/apache/hc/client5/http/impl/routing/TestDefaultRoutePlanner.java,12,1,
httpcomponents-client,/httpclient5/src/test/java/org/apache/hc/client5/http/impl/routing/TestSystemDefaultRoutePlanner.java,17,2,
httpcomponents-client,/httpclient5/src/test/java/org/apache/hc/client5/http/protocol/TestRequestAddCookies.java,28,0,
httpcomponents-client,/httpclient5-cache/src/test/java/org/apache/hc/client5/http/cache/TestHttpCacheEntry.java,19,1,
httpcomponents-client,/httpclient5-cache/src/test/java/org/apache/hc/client5/http/impl/cache/TestCombinedEntity.java,9,1,
httpcomponents-client,/httpclient5-cache/src/test/java/org/apache/hc/client5/http/impl/cache/TestProtocolRequirements.java,45,3,
httpcomponents-client,/httpclient5-cache/src/test/java/org/apache/hc/client5/http/impl/cache/TestCacheRevalidatorBase.java,19,3,
httpcomponents-client,/httpclient5-cache/src/test/java/org/apache/hc/client5/http/impl/cache/TestAbstractSerializingAsyncCacheStorage.java,25,5,
httpcomponents-client,/httpclient5-cache/src/test/java/org/apache/hc/client5/http/impl/cache/TestCachingExecChain.java,41,4,
httpcomponents-client,/httpclient5-cache/src/test/java/org/apache/hc/client5/http/impl/cache/ResponseEquivalent.java,3,0,
httpcomponents-client,/httpclient5-cache/src/test/java/org/apache/hc/client5/http/impl/cache/TestAbstractSerializingCacheStorage.java,21,1,
httpcomponents-client,/httpclient5-cache/src/test/java/org/apache/hc/client5/http/impl/cache/TestHttpCacheJiraNumber1147.java,27,2,
httpcomponents-client,/httpclient5-cache/src/test/java/org/apache/hc/client5/http/impl/cache/TestHttpByteArrayCacheEntrySerializer.java,27,2,
httpcomponents-client,/httpclient5-cache/src/test/java/org/apache/hc/client5/http/impl/cache/TestCacheKeyGenerator.java,14,2,
httpcomponents-client,/httpclient5-cache/src/test/java/org/apache/hc/client5/http/impl/cache/TestDefaultAsyncCacheInvalidator.java,28,5,
httpcomponents-client,/httpclient5-cache/src/test/java/org/apache/hc/client5/http/impl/cache/TestProtocolAllowedBehavior.java,22,3,
httpcomponents-client,/httpclient5-cache/src/test/java/org/apache/hc/client5/http/impl/cache/RequestEquivalent.java,3,0,
httpcomponents-client,/httpclient5-cache/src/test/java/org/apache/hc/client5/http/impl/cache/TestProtocolDeviations.java,26,2,
httpcomponents-client,/httpclient5-cache/src/test/java/org/apache/hc/client5/http/impl/cache/TestProtocolRecommendations.java,40,2,
httpcomponents-client,/httpclient5-cache/src/test/java/org/apache/hc/client5/http/impl/cache/TestCachedHttpResponseGenerator.java,16,1,
httpcomponents-client,/httpclient5-cache/src/test/java/org/apache/hc/client5/http/impl/cache/TestDefaultCacheInvalidator.java,26,3,
httpcomponents-client,/httpclient5-cache/src/test/java/org/apache/hc/client5/http/impl/cache/TestRFC5861Compliance.java,30,2,
httpcomponents-client,/httpclient5-testing/src/test/java/org/apache/hc/client5/testing/async/AbstractHttpAsyncClientAuthentication.java,53,1,
httpcomponents-client,/httpclient5-testing/src/test/java/org/apache/hc/client5/testing/async/TestHttp1ClientAuthentication.java,41,1,
httpcomponents-client,/httpclient5-testing/src/test/java/org/apache/hc/client5/testing/sync/TestClientAuthentication.java,55,1,
httpcomponents-client,/httpclient5-testing/src/test/java/org/apache/hc/client5/testing/sync/TestSPNegoScheme.java,33,3,
httpcomponents-core,/httpcore5/src/test/java/org/apache/hc/core5/concurrent/TestBasicFuture.java,8,1,
httpcomponents-core,/httpcore5/src/test/java/org/apache/hc/core5/http/impl/io/TestHttpRequestExecutor.java,21,4,
httpcomponents-core,/httpcore5/src/test/java/org/apache/hc/core5/http/impl/io/TestBHttpConnectionBase.java,22,3,
httpcomponents-core,/httpcore5/src/test/java/org/apache/hc/core5/http/impl/io/TestDefaultBHttpServerConnection.java,23,1,
httpcomponents-core,/httpcore5/src/test/java/org/apache/hc/core5/http/impl/io/TestSessionInOutBuffers.java,19,1,
httpcomponents-core,/httpcore5/src/test/java/org/apache/hc/core5/http/impl/io/TestDefaultBHttpClientConnection.java,23,1,
httpcomponents-core,/httpcore5/src/test/java/org/apache/hc/core5/http/impl/io/TestMonitoringResponseOutOfOrderStrategy.java,12,3,
httpcomponents-core,/httpcore5/src/test/java/org/apache/hc/core5/http/impl/io/TestHttpService.java,30,8,
httpcomponents-core,/httpcore5/src/test/java/org/apache/hc/core5/http/impl/nio/TestLengthDelimitedEncoder.java,15,0,
httpcomponents-core,/httpcore5/src/test/java/org/apache/hc/core5/http/impl/nio/TestIdentityEncoder.java,15,0,
httpcomponents-core,/httpcore5/src/test/java/org/apache/hc/core5/http/impl/nio/TestAbstractHttp1StreamDuplexerCapacityWindow.java,11,1,
httpcomponents-core,/httpcore5/src/test/java/org/apache/hc/core5/http/impl/nio/TestChunkEncoder.java,12,0,
httpcomponents-core,/httpcore5/src/test/java/org/apache/hc/core5/http/io/TestEofSensorInputStream.java,6,2,
httpcomponents-core,/httpcore5/src/test/java/org/apache/hc/core5/http/io/support/ClassicResponseBuilderTest.java,22,1,
httpcomponents-core,/httpcore5/src/test/java/org/apache/hc/core5/http/nio/ssl/BasicClientTlsStrategyTest.java,6,1,
httpcomponents-core,/httpcore5/src/test/java/org/apache/hc/core5/http/nio/ssl/BasicServerTlsStrategyTest.java,6,1,
httpcomponents-core,/httpcore5/src/test/java/org/apache/hc/core5/http/nio/support/classic/TestSharedInputBuffer.java,14,1,
httpcomponents-core,/httpcore5/src/test/java/org/apache/hc/core5/http/nio/support/classic/TestSharedOutputBuffer.java,17,1,
httpcomponents-core,/httpcore5/src/test/java/org/apache/hc/core5/pool/TestLaxConnPool.java,11,1,
httpcomponents-core,/httpcore5/src/test/java/org/apache/hc/core5/pool/TestStrictConnPool.java,15,1,
httpcomponents-core,/httpcore5/src/test/java/org/apache/hc/core5/pool/TestPoolEntry.java,11,1,
httpcomponents-core,/httpcore5/src/test/java/org/apache/hc/core5/reactor/IOWorkersTest.java,2,1,
httpcomponents-core,/httpcore5/src/test/java/org/apache/hc/core5/reactor/TestAbstractIOSessionPool.java,19,5,
httpcomponents-core,/httpcore5-h2/src/test/java/org/apache/hc/core5/http2/ssl/ConscryptClientTlsStrategyTest.java,6,1,
httpcomponents-core,/httpcore5-testing/src/test/java/org/apache/hc/core5/testing/framework/TestClassicTestClientTestingAdapter.java,24,1,
httpcomponents-core,/httpcore5-testing/src/test/java/org/apache/hc/core5/testing/framework/TestTestingFramework.java,26,2,
hudi,/hudi-aws/src/test/java/org/apache/hudi/aws/cloudwatch/TestCloudWatchReporter.java,34,4,
hudi,/hudi-client-common/src/test/java/org/apache/hudi/async/TestHoodieAsyncTableService.java,10,0,
hudi,/hudi-client-common/src/test/java/org/apache/hudi/async/TestAsyncArchiveService.java,12,2,
hudi,/hudi-client-common/src/test/java/org/apache/hudi/callback/http/TestCallbackHttpClient.java,23,5,
hudi,/hudi-client-common/src/test/java/org/apache/hudi/io/storage/TestHoodieOrcReaderWriter.java,31,1,
hudi,/hudi-client-common/src/test/java/org/apache/hudi/io/storage/TestHoodieHFileReaderWriter.java,46,2,
hudi,/hudi-client-common/src/test/java/org/apache/hudi/metrics/TestHoodieMetrics.java,18,2,
hudi,/hudi-client-common/src/test/java/org/apache/hudi/metrics/TestMetricsReporterFactory.java,15,2,
hudi,/hudi-client-common/src/test/java/org/apache/hudi/metrics/TestHoodieGraphiteMetrics.java,10,1,
hudi,/hudi-client-common/src/test/java/org/apache/hudi/metrics/TestHoodieJmxMetrics.java,10,1,
hudi,/hudi-client-common/src/test/java/org/apache/hudi/metrics/TestHoodieConsoleMetrics.java,10,1,
hudi,/hudi-client-common/src/test/java/org/apache/hudi/metrics/cloudwatch/TestCloudWatchMetricsReporter.java,11,3,
hudi,/hudi-client-common/src/test/java/org/apache/hudi/metrics/datadog/TestDatadogHttpClient.java,29,5,
hudi,/hudi-client-common/src/test/java/org/apache/hudi/metrics/datadog/TestDatadogMetricsReporter.java,14,2,
hudi,/hudi-client-common/src/test/java/org/apache/hudi/metrics/datadog/TestDatadogReporter.java,23,4,
hudi,/hudi-client-common/src/test/java/org/apache/hudi/metrics/prometheus/TestPrometheusReporter.java,11,1,
hudi,/hudi-client-common/src/test/java/org/apache/hudi/metrics/prometheus/TestPushGateWayReporter.java,13,1,
hudi,/hudi-client-common/src/test/java/org/apache/hudi/table/marker/TestWriteMarkersFactory.java,20,5,
hudi,/hudi-common/src/test/java/org/apache/hudi/common/table/view/TestPriorityBasedFileSystemView.java,33,2,
hudi,/hudi-common/src/test/java/org/apache/hudi/common/util/TestParquetReaderIterator.java,12,1,
hudi,/hudi-hadoop-mr/src/test/java/org/apache/hudi/hadoop/realtime/TestHoodieRealtimeFileSplit.java,30,2,
hudi,/hudi-integ-test/src/test/java/org/apache/hudi/integ/testsuite/TestDFSHoodieTestSuiteWriterAdapter.java,31,3,
hudi,/hudi-java-client/src/test/java/org/apache/hudi/table/action/commit/TestJavaCopyOnWriteActionExecutor.java,54,1,
hudi,/hudi-kafka-connect/src/test/java/org/apache/hudi/connect/TestConnectTransactionCoordinator.java,25,1,
hudi,/hudi-kafka-connect/src/test/java/org/apache/hudi/writers/TestBufferedConnectWriter.java,22,1,
hudi,/hudi-spark-client/src/test/java/org/apache/hudi/client/TestWriteStatus.java,6,1,
hudi,/hudi-spark-client/src/test/java/org/apache/hudi/client/functional/TestHoodieClientOnCopyOnWriteStorage.java,139,1,
hudi,/hudi-spark-client/src/test/java/org/apache/hudi/execution/TestSparkBoundedInMemoryExecutor.java,21,1,
hudi,/hudi-spark-client/src/test/java/org/apache/hudi/execution/TestBoundedInMemoryQueue.java,37,1,
hudi,/hudi-spark-client/src/test/java/org/apache/hudi/index/hbase/TestSparkHoodieHBaseIndex.java,62,2,
hudi,/hudi-spark-client/src/test/java/org/apache/hudi/index/hbase/TestHBaseIndexUsage.java,6,1,
hudi,/hudi-spark-client/src/test/java/org/apache/hudi/table/action/commit/TestUpsertPartitioner.java,51,1,
hudi,/hudi-spark-client/src/test/java/org/apache/hudi/table/action/commit/TestDeleteHelper.java,29,9,
hudi,/hudi-spark-client/src/test/java/org/apache/hudi/table/action/commit/TestCopyOnWriteActionExecutor.java,66,1,
hudi,/hudi-spark_/src/test/java/org/apache/hudi/TestDataSourceUtils.java,59,3,
hudi,/hudi-utilities_/src/test/java/org/apache/hudi/utilities/schema/TestSchemaRegistryProvider.java,16,0,
hudi,/hudi-utilities_/src/test/java/org/apache/hudi/utilities/sources/TestJsonKafkaSource.java,34,1,
hudi,/hudi-utilities_/src/test/java/org/apache/hudi/utilities/sources/debezium/TestAbstractDebeziumSource.java,32,1,
hudi,/hudi-utilities_/src/test/java/org/apache/hudi/utilities/sources/helpers/TestCloudObjectsSelector.java,31,2,
hudi,/hudi-utilities_/src/test/java/org/apache/hudi/utilities/sources/helpers/TestKafkaOffsetGen.java,20,1,
hudi,/hudi-utilities_/src/test/java/org/apache/hudi/utilities/sources/helpers/TestS3EventsMetaSelector.java,23,2,
hudi,/hudi-utilities_/src/test/java/org/apache/hudi/utilities/testutils/CloudObjectTestUtils.java,14,0,
hudi,/hudi-utilities_/src/test/java/org/apache/hudi/utilities/testutils/sources/AbstractCloudObjectsSourceTestBase.java,16,1,
ignite,/ignite-benchmarks/src/main/java/org/apache/ignite/internal/benchmarks/jmh/misc/GridDhtPartitionsStateValidatorBenchmark.java,24,3,
ignite,/ignite-benchmarks/src/main/java/org/apache/ignite/internal/benchmarks/jmh/tree/BPlusTreeBenchmark.java,34,3,
ignite,/ignite-cassandra-store/src/test/java/org/apache/ignite/tests/CassandraSessionImplTest.java,29,11,
ignite,/ignite-core/src/test/java/org/apache/ignite/cache/ReleaseSegmentOnHistoricalRebalanceTest.java,26,0,
ignite,/ignite-core/src/test/java/org/apache/ignite/internal/GridCollisionManagerLoggingSelfTest.java,10,1,
ignite,/ignite-core/src/test/java/org/apache/ignite/internal/client/thin/ReliableChannelTest.java,30,2,
ignite,/ignite-core/src/test/java/org/apache/ignite/internal/managers/GridManagerMxBeanIllegalArgumentHandleTest.java,18,3,
ignite,/ignite-core/src/test/java/org/apache/ignite/internal/managers/communication/GridIoManagerSelfTest.java,30,1,
ignite,/ignite-core/src/test/java/org/apache/ignite/internal/processors/cache/ClientSlowDiscoveryTransactionRemapTest.java,38,0,
ignite,/ignite-core/src/test/java/org/apache/ignite/internal/processors/cache/distributed/dht/GridCachePartitionsStateValidatorSelfTest.java,19,3,
ignite,/ignite-core/src/test/java/org/apache/ignite/internal/processors/cache/distributed/dht/topology/BlockedEvictionsTest.java,34,0,
ignite,/ignite-core/src/test/java/org/apache/ignite/internal/processors/cache/distributed/dht/topology/GridDhtLocalPartitionSyncEviction.java,12,0,
ignite,/ignite-core/src/test/java/org/apache/ignite/internal/processors/cache/persistence/RestorePartitionStateDuringCheckpointTest.java,25,0,
ignite,/ignite-core/src/test/java/org/apache/ignite/internal/processors/cache/persistence/IgnitePdsDestroyCacheTest.java,30,0,
ignite,/ignite-core/src/test/java/org/apache/ignite/internal/processors/cache/persistence/db/wal/reader/MockWalIteratorFactory.java,20,7,
ignite,/ignite-core/src/test/java/org/apache/ignite/internal/processors/cache/persistence/defragmentation/LinkMapTest.java,14,1,
ignite,/ignite-core/src/test/java/org/apache/ignite/internal/processors/cache/persistence/pagemem/IndexStoragePageMemoryImplTest.java,30,1,
ignite,/ignite-core/src/test/java/org/apache/ignite/internal/processors/cache/persistence/pagemem/IgnitePageMemReplaceDelayedWriteUnitTest.java,48,4,
ignite,/ignite-core/src/test/java/org/apache/ignite/internal/processors/cache/persistence/pagemem/IgniteThrottlingUnitTest.java,36,4,
ignite,/ignite-core/src/test/java/org/apache/ignite/internal/processors/cache/persistence/pagemem/BPlusTreePageMemoryImplTest.java,28,1,
ignite,/ignite-core/src/test/java/org/apache/ignite/internal/processors/cache/persistence/pagemem/BPlusTreeReuseListPageMemoryImplTest.java,27,1,
ignite,/ignite-core/src/test/java/org/apache/ignite/internal/processors/cache/persistence/pagemem/PageMemoryImplNoLoadTest.java,30,1,
ignite,/ignite-core/src/test/java/org/apache/ignite/internal/processors/cache/persistence/pagemem/PageMemoryImplTest.java,61,3,
ignite,/ignite-core/src/test/java/org/apache/ignite/internal/processors/cache/persistence/wal/memtracker/PageMemoryTracker.java,61,1,
ignite,/ignite-core/src/test/java/org/apache/ignite/internal/processors/cache/persistence/wal/reader/FilteredWalIteratorTest.java,31,1,
ignite,/ignite-core/src/test/java/org/apache/ignite/internal/processors/cache/persistence/wal/scanner/WalScannerTest.java,41,3,
ignite,/ignite-core/src/test/java/org/apache/ignite/internal/processors/cache/transactions/TxDataConsistencyOnCommitFailureTest.java,25,0,
ignite,/ignite-core/src/test/java/org/apache/ignite/internal/processors/cluster/GridUpdateNotifierSelfTest.java,9,1,
ignite,/ignite-core/src/test/java/org/apache/ignite/internal/processors/database/BPlusTreeReuseSelfTest.java,16,1,
ignite,/ignite-core/src/test/java/org/apache/ignite/internal/processors/database/IndexStorageSelfTest.java,25,1,
ignite,/ignite-core/src/test/java/org/apache/ignite/internal/processors/database/CacheFreeListSelfTest.java,49,1,
ignite,/ignite-core/src/test/java/org/apache/ignite/internal/processors/security/IgniteSecurityProcessorTest.java,11,3,
ignite,/ignite-core/src/test/java/org/apache/ignite/internal/processors/service/ServiceReassignmentFunctionSelfTest.java,31,4,
ignite,/ignite-indexing/src/test/java/org/apache/ignite/internal/processors/cache/ReservationsOnDoneAfterTopologyUnlockFailTest.java,12,0,
ignite,/ignite-indexing/src/test/java/org/apache/ignite/internal/processors/query/stat/IgniteStatisticsRepositoryTest.java,19,4,
ignite,/ignite-indexing/src/test/java/org/apache/ignite/internal/processors/query/stat/StatisticsStorageRestartTest.java,7,1,
ignite,/ignite-indexing/src/test/java/org/apache/ignite/internal/processors/query/stat/StatisticsStorageUnitTest.java,13,3,
ignite,/ignite-kubernetes/src/test/java/org/apache/ignite/internal/kubernetes/connection/KubernetesServiceAddressResolverTest.java,19,0,
ignite,/ignite-kubernetes/src/test/java/org/apache/ignite/kubernetes/discovery/KubernetesDiscoveryAbstractTest.java,18,0,
ignite,/ignite-ml/src/test/java/org/apache/ignite/ml/clustering/gmm/NewComponentStatisticsAggregatorTest.java,11,1,
ignite,/ignite-ml/src/test/java/org/apache/ignite/ml/dataset/impl/cache/util/DatasetAffinityFunctionWrapperTest.java,18,3,
ignite,/ignite-ml/src/test/java/org/apache/ignite/ml/dataset/primitive/DatasetWrapperTest.java,18,5,
ignite,/ignite-ml/src/test/java/org/apache/ignite/ml/inference/storage/model/DefaultModelStorageTest.java,9,1,
iotdb,/flink-iotdb-connector/src/test/java/org/apache/iotdb/flink/IoTDBSinkBatchInsertTest.java,12,1,
iotdb,/flink-iotdb-connector/src/test/java/org/apache/iotdb/flink/IoTDBSinkBatchTimerTest.java,12,1,
iotdb,/flink-iotdb-connector/src/test/java/org/apache/iotdb/flink/IoTDBSinkInsertTest.java,11,1,
iotdb,/iotdb-cli/src/test/java/org/apache/iotdb/cli/AbstractCliIT.java,19,2,
iotdb,/iotdb-cluster/src/test/java/org/apache/iotdb/cluster/partition/MManagerWhiteBox.java,5,0,
iotdb,/iotdb-cluster/src/test/java/org/apache/iotdb/cluster/partition/SlotPartitionTableTest.java,65,0,
iotdb,/iotdb-cluster/src/test/java/org/apache/iotdb/cluster/query/LoadConfigurationTest.java,24,2,
iotdb,/iotdb-cluster/src/test/java/org/apache/iotdb/cluster/query/reader/mult/MultSeriesRawDataPointReaderTest.java,15,1,
iotdb,/iotdb-cluster/src/test/java/org/apache/iotdb/cluster/server/member/RaftMemberTest.java,19,1,
iotdb,/iotdb-jdbc/src/test/java/org/apache/iotdb/jdbc/IoTDBJDBCResultSetTest.java,35,2,
iotdb,/iotdb-jdbc/src/test/java/org/apache/iotdb/jdbc/IoTDBPreparedStatementTest.java,16,1,
iotdb,/iotdb-jdbc/src/test/java/org/apache/iotdb/jdbc/IoTDBDatabaseMetadataTest.java,27,3,
iotdb,/iotdb-jdbc/src/test/java/org/apache/iotdb/jdbc/IoTDBStatementTest.java,15,1,
iotdb,/iotdb-jdbc/src/test/java/org/apache/iotdb/jdbc/BatchTest.java,22,2,
iotdb,/iotdb-jdbc/src/test/java/org/apache/iotdb/jdbc/IoTDBConnectionTest.java,20,0,
iotdb,/iotdb-server/src/test/java/org/apache/iotdb/db/conf/directories/strategy/DirectoryStrategyTest.java,20,0,
jackrabbit,/jackrabbit-core/src/test/java/org/apache/jackrabbit/core/integration/UtilsGetPathTest.java,8,0,
jackrabbit,/jackrabbit-core/src/test/java/org/apache/jackrabbit/core/security/principal/PrincipalManagerTest.java,10,1,
jackrabbit,/jackrabbit-jcr-server/src/test/java/org/apache/jackrabbit/server/remoting/davex/JsonWriterTest.java,17,3,
jackrabbit,/jackrabbit-jcr-server/src/test/java/org/apache/jackrabbit/webdav/jcr/observation/InfoMapTest.java,17,1,
